video_path,label
00000.mp4,0
00001.mp4,0
00002.mp4,0
00003.mp4,0
00004.mp4,0
00005.mp4,0
00006.mp4,0
00007.mp4,0
00008.mp4,0
00009.mp4,0
00010.mp4,0
00011.mp4,0
00012.mp4,0
00013.mp4,0
00014.mp4,0
00015.mp4,0
00016.mp4,0
00017.mp4,0
00018.mp4,0
00019.mp4,0
00020.mp4,0
00021.mp4,0
00022.mp4,0
00023.mp4,0
00024.mp4,0
00025.mp4,0
00026.mp4,0
00027.mp4,0
00028.mp4,0
00029.mp4,0
00030.mp4,0
00031.mp4,0
00032.mp4,0
00033.mp4,0
00034.mp4,0
00035.mp4,0
00036.mp4,0
00037.mp4,0
00038.mp4,0
00039.mp4,0
00040.mp4,0
00041.mp4,0
00042.mp4,0
00043.mp4,0
00044.mp4,0
00045.mp4,0
00046.mp4,0
00047.mp4,0
00048.mp4,0
00049.mp4,0
00050.mp4,0
00051.mp4,0
00052.mp4,0
00053.mp4,0
00054.mp4,0
00055.mp4,0
00056.mp4,0
00057.mp4,0
00058.mp4,0
00059.mp4,0
00060.mp4,0
00061.mp4,0
00062.mp4,0
00063.mp4,0
00064.mp4,0
00065.mp4,0
00066.mp4,0
00067.mp4,0
00068.mp4,0
00069.mp4,0
00070.mp4,0
00071.mp4,0
00072.mp4,0
00073.mp4,0
00074.mp4,0
00075.mp4,0
00076.mp4,0
00077.mp4,0
00078.mp4,0
00079.mp4,0
00080.mp4,0
00081.mp4,0
00082.mp4,0
00083.mp4,0
00084.mp4,0
00085.mp4,0
00086.mp4,0
00087.mp4,0
00088.mp4,0
00089.mp4,0
00090.mp4,0
00091.mp4,0
00092.mp4,0
00093.mp4,0
00094.mp4,0
00095.mp4,0
00096.mp4,0
00097.mp4,0
00098.mp4,0
00099.mp4,0
00100.mp4,0
00101.mp4,0
00102.mp4,0
00103.mp4,0
00104.mp4,0
00105.mp4,0
00106.mp4,0
00107.mp4,0
00108.mp4,0
00109.mp4,0
00110.mp4,0
00111.mp4,0
00112.mp4,0
00113.mp4,0
00114.mp4,0
00115.mp4,0
00116.mp4,0
00117.mp4,0
00118.mp4,0
00119.mp4,0
00120.mp4,0
00121.mp4,0
00122.mp4,0
00123.mp4,0
00124.mp4,0
00125.mp4,0
00126.mp4,0
00127.mp4,0
00128.mp4,0
00129.mp4,0
00130.mp4,0
00131.mp4,0
00132.mp4,0
00133.mp4,0
00134.mp4,0
00135.mp4,0
00136.mp4,0
00137.mp4,0
00138.mp4,0
00139.mp4,0
00140.mp4,0
00141.mp4,0
00142.mp4,0
00143.mp4,0
00144.mp4,0
00145.mp4,0
00146.mp4,0
00147.mp4,0
00148.mp4,0
00149.mp4,0
00150.mp4,0
00151.mp4,0
00152.mp4,0
00153.mp4,0
00154.mp4,0
00155.mp4,0
00156.mp4,0
00157.mp4,0
00158.mp4,0
00159.mp4,0
00160.mp4,0
00161.mp4,0
00162.mp4,0
00163.mp4,0
00164.mp4,0
00165.mp4,0
00166.mp4,0
00167.mp4,0
00168.mp4,0
00169.mp4,0
00170.mp4,0
00171.mp4,0
00172.mp4,0
00173.mp4,0
00174.mp4,0
00175.mp4,0
00176.mp4,0
00177.mp4,0
00178.mp4,0
00179.mp4,0
00180.mp4,0
00181.mp4,0
00182.mp4,0
00183.mp4,0
00184.mp4,0
00185.mp4,0
00186.mp4,0
00187.mp4,0
00188.mp4,0
00189.mp4,0
00190.mp4,0
00191.mp4,0
00192.mp4,0
00193.mp4,0
00194.mp4,0
00195.mp4,0
00196.mp4,0
00197.mp4,0
00198.mp4,0
00199.mp4,0
00200.mp4,0
00201.mp4,0
00202.mp4,0
00203.mp4,0
00204.mp4,0
00205.mp4,0
00206.mp4,0
00207.mp4,0
00208.mp4,0
00209.mp4,0
00210.mp4,0
00211.mp4,0
00212.mp4,0
00213.mp4,0
00214.mp4,0
00215.mp4,0
00216.mp4,0
00217.mp4,0
00218.mp4,0
00219.mp4,0
00220.mp4,0
00221.mp4,0
00222.mp4,0
00223.mp4,0
00224.mp4,0
00225.mp4,0
00226.mp4,0
00227.mp4,0
00228.mp4,0
00229.mp4,0
00230.mp4,0
00231.mp4,0
00232.mp4,0
00233.mp4,0
00234.mp4,0
00235.mp4,0
00236.mp4,0
00237.mp4,0
00238.mp4,0
00239.mp4,0
00240.mp4,0
00241.mp4,0
00242.mp4,0
00243.mp4,0
00244.mp4,0
00245.mp4,0
00246.mp4,0
00247.mp4,0
00248.mp4,0
00249.mp4,0
00250.mp4,0
00251.mp4,0
00252.mp4,0
00253.mp4,0
00254.mp4,0
00255.mp4,0
00256.mp4,0
00257.mp4,0
00258.mp4,0
00259.mp4,0
00260.mp4,0
00261.mp4,0
00262.mp4,0
00263.mp4,0
00264.mp4,0
00265.mp4,0
00266.mp4,0
00267.mp4,0
00268.mp4,0
00269.mp4,0
00270.mp4,0
00271.mp4,0
00272.mp4,0
00273.mp4,0
00274.mp4,0
00275.mp4,0
00276.mp4,0
00277.mp4,0
00278.mp4,0
00279.mp4,0
00280.mp4,0
00281.mp4,0
00282.mp4,0
00283.mp4,0
00284.mp4,0
00285.mp4,0
00286.mp4,0
00287.mp4,0
00288.mp4,0
00289.mp4,0
00290.mp4,0
00291.mp4,0
00292.mp4,0
00293.mp4,0
00294.mp4,0
00295.mp4,0
00296.mp4,0
00297.mp4,0
00298.mp4,0
00299.mp4,0
00300.mp4,0
00301.mp4,0
00302.mp4,0
00303.mp4,0
00304.mp4,0
00305.mp4,0
00306.mp4,0
00307.mp4,0
00308.mp4,0
00309.mp4,0
00310.mp4,0
00311.mp4,0
00312.mp4,0
00313.mp4,0
00314.mp4,0
00315.mp4,0
00316.mp4,0
00317.mp4,0
00318.mp4,0
00319.mp4,0
00320.mp4,0
00321.mp4,0
00322.mp4,0
00323.mp4,0
00324.mp4,0
00325.mp4,0
00326.mp4,0
00327.mp4,0
00328.mp4,0
00329.mp4,0
00330.mp4,0
00331.mp4,0
00332.mp4,0
00333.mp4,0
00334.mp4,0
00335.mp4,0
00336.mp4,0
00337.mp4,0
00338.mp4,0
00339.mp4,0
00340.mp4,0
00341.mp4,0
00342.mp4,0
00343.mp4,0
00344.mp4,0
00345.mp4,0
00346.mp4,0
00347.mp4,0
00348.mp4,0
00349.mp4,0
00350.mp4,0
00351.mp4,0
00352.mp4,0
00353.mp4,0
00354.mp4,0
00355.mp4,0
00356.mp4,0
00357.mp4,0
00358.mp4,0
00359.mp4,0
00360.mp4,0
00361.mp4,0
00362.mp4,0
00363.mp4,0
00364.mp4,0
00365.mp4,0
00366.mp4,0
00367.mp4,0
00368.mp4,0
00369.mp4,0
00370.mp4,0
00371.mp4,0
00372.mp4,0
00373.mp4,0
00374.mp4,0
00375.mp4,0
00376.mp4,0
00377.mp4,0
00378.mp4,0
00379.mp4,0
00380.mp4,0
00381.mp4,0
00382.mp4,0
00383.mp4,0
00384.mp4,0
00385.mp4,0
00386.mp4,0
00387.mp4,0
00388.mp4,0
00389.mp4,0
00390.mp4,0
00391.mp4,0
00392.mp4,0
00393.mp4,0
00394.mp4,0
00395.mp4,0
00396.mp4,0
00397.mp4,0
00398.mp4,0
00399.mp4,0
00400.mp4,0
00401.mp4,0
00402.mp4,0
00403.mp4,0
00404.mp4,0
00405.mp4,0
00406.mp4,0
00407.mp4,0
00408.mp4,0
00409.mp4,0
00410.mp4,0
00411.mp4,0
00412.mp4,0
00413.mp4,0
00414.mp4,0
00415.mp4,0
00416.mp4,0
00417.mp4,0
00418.mp4,0
00419.mp4,0
00420.mp4,0
00421.mp4,0
00422.mp4,0
00423.mp4,0
00424.mp4,0
00425.mp4,0
00426.mp4,0
00427.mp4,0
00428.mp4,0
00429.mp4,0
00430.mp4,0
00431.mp4,0
00432.mp4,0
00433.mp4,0
00434.mp4,0
00435.mp4,0
00436.mp4,0
00437.mp4,0
00438.mp4,0
00439.mp4,0
00440.mp4,0
00441.mp4,0
00442.mp4,0
00443.mp4,0
00444.mp4,0
00445.mp4,0
00446.mp4,0
00447.mp4,0
00448.mp4,0
00449.mp4,0
00450.mp4,0
00451.mp4,0
00452.mp4,0
00453.mp4,0
00454.mp4,0
00455.mp4,0
00456.mp4,0
00457.mp4,0
00458.mp4,0
00459.mp4,0
00460.mp4,0
00461.mp4,0
00462.mp4,0
00463.mp4,0
00464.mp4,0
00465.mp4,0
00466.mp4,0
00467.mp4,0
00468.mp4,0
00469.mp4,0
00470.mp4,0
00471.mp4,0
00472.mp4,0
00473.mp4,0
00474.mp4,0
00475.mp4,0
00476.mp4,0
00477.mp4,0
00478.mp4,0
00479.mp4,0
00480.mp4,0
00481.mp4,0
00482.mp4,0
00483.mp4,0
00484.mp4,0
00485.mp4,0
00486.mp4,0
00487.mp4,0
00488.mp4,0
00489.mp4,0
00490.mp4,0
00491.mp4,0
00492.mp4,0
00493.mp4,0
00494.mp4,0
00495.mp4,0
00496.mp4,0
00497.mp4,0
00498.mp4,0
00499.mp4,0
00500.mp4,1
00501.mp4,1
00502.mp4,1
00503.mp4,1
00504.mp4,1
00505.mp4,1
00506.mp4,1
00507.mp4,1
00508.mp4,1
00509.mp4,1
00510.mp4,1
00511.mp4,1
00512.mp4,1
00513.mp4,1
00514.mp4,1
00515.mp4,1
00516.mp4,1
00517.mp4,1
00518.mp4,1
00519.mp4,1
00520.mp4,1
00521.mp4,1
00522.mp4,1
00523.mp4,1
00524.mp4,1
00525.mp4,1
00526.mp4,1
00527.mp4,1
00528.mp4,1
00529.mp4,1
00530.mp4,1
00531.mp4,1
00532.mp4,1
00533.mp4,1
00534.mp4,1
00535.mp4,1
00536.mp4,1
00537.mp4,1
00538.mp4,1
00539.mp4,1
00540.mp4,1
00541.mp4,1
00542.mp4,1
00543.mp4,1
00544.mp4,1
00545.mp4,1
00546.mp4,1
00547.mp4,1
00548.mp4,1
00549.mp4,1
00550.mp4,1
00551.mp4,1
00552.mp4,1
00553.mp4,1
00554.mp4,1
00555.mp4,1
00556.mp4,1
00557.mp4,1
00558.mp4,1
00559.mp4,1
00560.mp4,1
00561.mp4,1
00562.mp4,1
00563.mp4,1
00564.mp4,1
00565.mp4,1
00566.mp4,1
00567.mp4,1
00568.mp4,1
00569.mp4,1
00570.mp4,1
00571.mp4,1
00572.mp4,1
00573.mp4,1
00574.mp4,1
00575.mp4,1
00576.mp4,1
00577.mp4,1
00578.mp4,1
00579.mp4,1
00580.mp4,1
00581.mp4,1
00582.mp4,1
00583.mp4,1
00584.mp4,1
00585.mp4,1
00586.mp4,1
00587.mp4,1
00588.mp4,1
00589.mp4,1
00590.mp4,1
00591.mp4,1
00592.mp4,1
00593.mp4,1
00594.mp4,1
00595.mp4,1
00596.mp4,1
00597.mp4,1
00598.mp4,1
00599.mp4,1
00600.mp4,1
00601.mp4,1
00602.mp4,1
00603.mp4,1
00604.mp4,1
00605.mp4,1
00606.mp4,1
00607.mp4,1
00608.mp4,1
00609.mp4,1
00610.mp4,1
00611.mp4,1
00612.mp4,1
00613.mp4,1
00614.mp4,1
00615.mp4,1
00616.mp4,1
00617.mp4,1
00618.mp4,1
00619.mp4,1
00620.mp4,1
00621.mp4,1
00622.mp4,1
00623.mp4,1
00624.mp4,1
00625.mp4,1
00626.mp4,1
00627.mp4,1
00628.mp4,1
00629.mp4,1
00630.mp4,1
00631.mp4,1
00632.mp4,1
00633.mp4,1
00634.mp4,1
00635.mp4,1
00636.mp4,1
00637.mp4,1
00638.mp4,1
00639.mp4,1
00640.mp4,1
00641.mp4,1
00642.mp4,1
00643.mp4,1
00644.mp4,1
00645.mp4,1
00646.mp4,1
00647.mp4,1
00648.mp4,1
00649.mp4,1
00650.mp4,1
00651.mp4,1
00652.mp4,1
00653.mp4,1
00654.mp4,1
00655.mp4,1
00656.mp4,1
00657.mp4,1
00658.mp4,1
00659.mp4,1
00660.mp4,1
00661.mp4,1
00662.mp4,1
00663.mp4,1
00664.mp4,1
00665.mp4,1
00666.mp4,1
00667.mp4,1
00668.mp4,1
00669.mp4,1
00670.mp4,1
00671.mp4,1
00672.mp4,1
00673.mp4,1
00674.mp4,1
00675.mp4,1
00676.mp4,1
00677.mp4,1
00678.mp4,1
00679.mp4,1
00680.mp4,1
00681.mp4,1
00682.mp4,1
00683.mp4,1
00684.mp4,1
00685.mp4,1
00686.mp4,1
00687.mp4,1
00688.mp4,1
00689.mp4,1
00690.mp4,1
00691.mp4,1
00692.mp4,1
00693.mp4,1
00694.mp4,1
00695.mp4,1
00696.mp4,1
00697.mp4,1
00698.mp4,1
00699.mp4,1
00700.mp4,1
00701.mp4,1
00702.mp4,1
00703.mp4,1
00704.mp4,1
00705.mp4,1
00706.mp4,1
00707.mp4,1
00708.mp4,1
00709.mp4,1
00710.mp4,1
00711.mp4,1
00712.mp4,1
00713.mp4,1
00714.mp4,1
00715.mp4,1
00716.mp4,1
00717.mp4,1
00718.mp4,1
00719.mp4,1
00720.mp4,1
00721.mp4,1
00722.mp4,1
00723.mp4,1
00724.mp4,1
00725.mp4,1
00726.mp4,1
00727.mp4,1
00728.mp4,1
00729.mp4,1
00730.mp4,1
00731.mp4,1
00732.mp4,1
00733.mp4,1
00734.mp4,1
00735.mp4,1
00736.mp4,1
00737.mp4,1
00738.mp4,1
00739.mp4,1
00740.mp4,1
00741.mp4,1
00742.mp4,1
00743.mp4,1
00744.mp4,1
00745.mp4,1
00746.mp4,1
00747.mp4,1
00748.mp4,1
00749.mp4,1
00750.mp4,1
00751.mp4,1
00752.mp4,1
00753.mp4,1
00754.mp4,1
00755.mp4,1
00756.mp4,1
00757.mp4,1
00758.mp4,1
00759.mp4,1
00760.mp4,1
00761.mp4,1
00762.mp4,1
00763.mp4,1
00764.mp4,1
00765.mp4,1
00766.mp4,1
00767.mp4,1
00768.mp4,1
00769.mp4,1
00770.mp4,1
00771.mp4,1
00772.mp4,1
00773.mp4,1
00774.mp4,1
00775.mp4,1
00776.mp4,1
00777.mp4,1
00778.mp4,1
00779.mp4,1
00780.mp4,1
00781.mp4,1
00782.mp4,1
00783.mp4,1
00784.mp4,1
00785.mp4,1
00786.mp4,1
00787.mp4,1
00788.mp4,1
00789.mp4,1
00790.mp4,1
00791.mp4,1
00792.mp4,1
00793.mp4,1
00794.mp4,1
00795.mp4,1
00796.mp4,1
00797.mp4,1
00798.mp4,1
00799.mp4,1
00800.mp4,1
00801.mp4,1
00802.mp4,1
00803.mp4,1
00804.mp4,1
00805.mp4,1
00806.mp4,1
00807.mp4,1
00808.mp4,1
00809.mp4,1
00810.mp4,1
00811.mp4,1
00812.mp4,1
00813.mp4,1
00814.mp4,1
00815.mp4,1
00816.mp4,1
00817.mp4,1
00818.mp4,1
00819.mp4,1
00820.mp4,1
00821.mp4,1
00822.mp4,1
00823.mp4,1
00824.mp4,1
00825.mp4,1
00826.mp4,1
00827.mp4,1
00828.mp4,1
00829.mp4,1
00830.mp4,1
00831.mp4,1
00832.mp4,1
00833.mp4,1
00834.mp4,1
00835.mp4,1
00836.mp4,1
00837.mp4,1
00838.mp4,1
00839.mp4,1
00840.mp4,1
00841.mp4,1
00842.mp4,1
00843.mp4,1
00844.mp4,1
00845.mp4,1
00846.mp4,1
00847.mp4,1
00848.mp4,1
00849.mp4,1
00850.mp4,1
00851.mp4,1
00852.mp4,1
00853.mp4,1
00854.mp4,1
00855.mp4,1
00856.mp4,1
00857.mp4,1
00858.mp4,1
00859.mp4,1
00860.mp4,1
00861.mp4,1
00862.mp4,1
00863.mp4,1
00864.mp4,1
00865.mp4,1
00866.mp4,1
00867.mp4,1
00868.mp4,1
00869.mp4,1
00870.mp4,1
00871.mp4,1
00872.mp4,1
00873.mp4,1
00874.mp4,1
00875.mp4,1
00876.mp4,1
00877.mp4,1
00878.mp4,1
00879.mp4,1
00880.mp4,1
00881.mp4,1
00882.mp4,1
00883.mp4,1
00884.mp4,1
00885.mp4,1
00886.mp4,1
00887.mp4,1
00888.mp4,1
00889.mp4,1
00890.mp4,1
00891.mp4,1
00892.mp4,1
00893.mp4,1
00894.mp4,1
00895.mp4,1
00896.mp4,1
00897.mp4,1
00898.mp4,1
00899.mp4,1
00900.mp4,1
00901.mp4,1
00902.mp4,1
00903.mp4,1
00904.mp4,1
00905.mp4,1
00906.mp4,1
00907.mp4,1
00908.mp4,1
00909.mp4,1
00910.mp4,1
00911.mp4,1
00912.mp4,1
00913.mp4,1
00914.mp4,1
00915.mp4,1
00916.mp4,1
00917.mp4,1
00918.mp4,1
00919.mp4,1
00920.mp4,1
00921.mp4,1
00922.mp4,1
00923.mp4,1
00924.mp4,1
00925.mp4,1
00926.mp4,1
00927.mp4,1
00928.mp4,1
00929.mp4,1
00930.mp4,1
00931.mp4,1
00932.mp4,1
00933.mp4,1
00934.mp4,1
00935.mp4,1
00936.mp4,1
00937.mp4,1
00938.mp4,1
00939.mp4,1
00940.mp4,1
00941.mp4,1
00942.mp4,1
00943.mp4,1
00944.mp4,1
00945.mp4,1
00946.mp4,1
00947.mp4,1
00948.mp4,1
00949.mp4,1
00950.mp4,1
00951.mp4,1
00952.mp4,1
00953.mp4,1
00954.mp4,1
00955.mp4,1
00956.mp4,1
00957.mp4,1
00958.mp4,1
00959.mp4,1
00960.mp4,1
00961.mp4,1
00962.mp4,1
00963.mp4,1
00964.mp4,1
00965.mp4,1
00966.mp4,1
00967.mp4,1
00968.mp4,1
00969.mp4,1
00970.mp4,1
00971.mp4,1
00972.mp4,1
00973.mp4,1
00974.mp4,1
00975.mp4,1
00976.mp4,1
00977.mp4,1
00978.mp4,1
00979.mp4,1
00980.mp4,1
00981.mp4,1
00982.mp4,1
00983.mp4,1
00984.mp4,1
00985.mp4,1
00986.mp4,1
00987.mp4,1
00988.mp4,1
00989.mp4,1
00990.mp4,1
00991.mp4,1
00992.mp4,1
00993.mp4,1
00994.mp4,1
00995.mp4,1
00996.mp4,1
00997.mp4,1
00998.mp4,1
00999.mp4,1
01000.mp4,2
01001.mp4,2
01002.mp4,2
01003.mp4,2
01004.mp4,2
01005.mp4,2
01006.mp4,2
01007.mp4,2
01008.mp4,2
01009.mp4,2
01010.mp4,2
01011.mp4,2
01012.mp4,2
01013.mp4,2
01014.mp4,2
01015.mp4,2
01016.mp4,2
01017.mp4,2
01018.mp4,2
01019.mp4,2
01020.mp4,2
01021.mp4,2
01022.mp4,2
01023.mp4,2
01024.mp4,2
01025.mp4,2
01026.mp4,2
01027.mp4,2
01028.mp4,2
01029.mp4,2
01030.mp4,2
01031.mp4,2
01032.mp4,2
01033.mp4,2
01034.mp4,2
01035.mp4,2
01036.mp4,2
01037.mp4,2
01038.mp4,2
01039.mp4,2
01040.mp4,2
01041.mp4,2
01042.mp4,2
01043.mp4,2
01044.mp4,2
01045.mp4,2
01046.mp4,2
01047.mp4,2
01048.mp4,2
01049.mp4,2
01050.mp4,2
01051.mp4,2
01052.mp4,2
01053.mp4,2
01054.mp4,2
01055.mp4,2
01056.mp4,2
01057.mp4,2
01058.mp4,2
01059.mp4,2
01060.mp4,2
01061.mp4,2
01062.mp4,2
01063.mp4,2
01064.mp4,2
01065.mp4,2
01066.mp4,2
01067.mp4,2
01068.mp4,2
01069.mp4,2
01070.mp4,2
01071.mp4,2
01072.mp4,2
01073.mp4,2
01074.mp4,2
01075.mp4,2
01076.mp4,2
01077.mp4,2
01078.mp4,2
01079.mp4,2
01080.mp4,2
01081.mp4,2
01082.mp4,2
01083.mp4,2
01084.mp4,2
01085.mp4,2
01086.mp4,2
01087.mp4,2
01088.mp4,2
01089.mp4,2
01090.mp4,2
01091.mp4,2
01092.mp4,2
01093.mp4,2
01094.mp4,2
01095.mp4,2
01096.mp4,2
01097.mp4,2
01098.mp4,2
01099.mp4,2
01100.mp4,2
01101.mp4,2
01102.mp4,2
01103.mp4,2
01104.mp4,2
01105.mp4,2
01106.mp4,2
01107.mp4,2
01108.mp4,2
01109.mp4,2
01110.mp4,2
01111.mp4,2
01112.mp4,2
01113.mp4,2
01114.mp4,2
01115.mp4,2
01116.mp4,2
01117.mp4,2
01118.mp4,2
01119.mp4,2
01120.mp4,2
01121.mp4,2
01122.mp4,2
01123.mp4,2
01124.mp4,2
01125.mp4,2
01126.mp4,2
01127.mp4,2
01128.mp4,2
01129.mp4,2
01130.mp4,2
01131.mp4,2
01132.mp4,2
01133.mp4,2
01134.mp4,2
01135.mp4,2
01136.mp4,2
01137.mp4,2
01138.mp4,2
01139.mp4,2
01140.mp4,2
01141.mp4,2
01142.mp4,2
01143.mp4,2
01144.mp4,2
01145.mp4,2
01146.mp4,2
01147.mp4,2
01148.mp4,2
01149.mp4,2
01150.mp4,2
01151.mp4,2
01152.mp4,2
01153.mp4,2
01154.mp4,2
01155.mp4,2
01156.mp4,2
01157.mp4,2
01158.mp4,2
01159.mp4,2
01160.mp4,2
01161.mp4,2
01162.mp4,2
01163.mp4,2
01164.mp4,2
01165.mp4,2
01166.mp4,2
01167.mp4,2
01168.mp4,2
01169.mp4,2
01170.mp4,2
01171.mp4,2
01172.mp4,2
01173.mp4,2
01174.mp4,2
01175.mp4,2
01176.mp4,2
01177.mp4,2
01178.mp4,2
01179.mp4,2
01180.mp4,2
01181.mp4,2
01182.mp4,2
01183.mp4,2
01184.mp4,2
01185.mp4,2
01186.mp4,2
01187.mp4,2
01188.mp4,2
01189.mp4,2
01190.mp4,2
01191.mp4,2
01192.mp4,2
01193.mp4,2
01194.mp4,2
01195.mp4,2
01196.mp4,2
01197.mp4,2
01198.mp4,2
01199.mp4,2
01200.mp4,2
01201.mp4,2
01202.mp4,2
01203.mp4,2
01204.mp4,2
01205.mp4,2
01206.mp4,2
01207.mp4,2
01208.mp4,2
01209.mp4,2
01210.mp4,2
01211.mp4,2
01212.mp4,2
01213.mp4,2
01214.mp4,2
01215.mp4,2
01216.mp4,2
01217.mp4,2
01218.mp4,2
01219.mp4,2
01220.mp4,2
01221.mp4,2
01222.mp4,2
01223.mp4,2
01224.mp4,2
01225.mp4,2
01226.mp4,2
01227.mp4,2
01228.mp4,2
01229.mp4,2
01230.mp4,2
01231.mp4,2
01232.mp4,2
01233.mp4,2
01234.mp4,2
01235.mp4,2
01236.mp4,2
01237.mp4,2
01238.mp4,2
01239.mp4,2
01240.mp4,2
01241.mp4,2
01242.mp4,2
01243.mp4,2
01244.mp4,2
01245.mp4,2
01246.mp4,2
01247.mp4,2
01248.mp4,2
01249.mp4,2
01250.mp4,2
01251.mp4,2
01252.mp4,2
01253.mp4,2
01254.mp4,2
01255.mp4,2
01256.mp4,2
01257.mp4,2
01258.mp4,2
01259.mp4,2
01260.mp4,2
01261.mp4,2
01262.mp4,2
01263.mp4,2
01264.mp4,2
01265.mp4,2
01266.mp4,2
01267.mp4,2
01268.mp4,2
01269.mp4,2
01270.mp4,2
01271.mp4,2
01272.mp4,2
01273.mp4,2
01274.mp4,2
01275.mp4,2
01276.mp4,2
01277.mp4,2
01278.mp4,2
01279.mp4,2
01280.mp4,2
01281.mp4,2
01282.mp4,2
01283.mp4,2
01284.mp4,2
01285.mp4,2
01286.mp4,2
01287.mp4,2
01288.mp4,2
01289.mp4,2
01290.mp4,2
01291.mp4,2
01292.mp4,2
01293.mp4,2
01294.mp4,2
01295.mp4,2
01296.mp4,2
01297.mp4,2
01298.mp4,2
01299.mp4,2
01300.mp4,2
01301.mp4,2
01302.mp4,2
01303.mp4,2
01304.mp4,2
01305.mp4,2
01306.mp4,2
01307.mp4,2
01308.mp4,2
01309.mp4,2
01310.mp4,2
01311.mp4,2
01312.mp4,2
01313.mp4,2
01314.mp4,2
01315.mp4,2
01316.mp4,2
01317.mp4,2
01318.mp4,2
01319.mp4,2
01320.mp4,2
01321.mp4,2
01322.mp4,2
01323.mp4,2
01324.mp4,2
01325.mp4,2
01326.mp4,2
01327.mp4,2
01328.mp4,2
01329.mp4,2
01330.mp4,2
01331.mp4,2
01332.mp4,2
01333.mp4,2
01334.mp4,2
01335.mp4,2
01336.mp4,2
01337.mp4,2
01338.mp4,2
01339.mp4,2
01340.mp4,2
01341.mp4,2
01342.mp4,2
01343.mp4,2
01344.mp4,2
01345.mp4,2
01346.mp4,2
01347.mp4,2
01348.mp4,2
01349.mp4,2
01350.mp4,2
01351.mp4,2
01352.mp4,2
01353.mp4,2
01354.mp4,2
01355.mp4,2
01356.mp4,2
01357.mp4,2
01358.mp4,2
01359.mp4,2
01360.mp4,2
01361.mp4,2
01362.mp4,2
01363.mp4,2
01364.mp4,2
01365.mp4,2
01366.mp4,2
01367.mp4,2
01368.mp4,2
01369.mp4,2
01370.mp4,2
01371.mp4,2
01372.mp4,2
01373.mp4,2
01374.mp4,2
01375.mp4,2
01376.mp4,2
01377.mp4,2
01378.mp4,2
01379.mp4,2
01380.mp4,2
01381.mp4,2
01382.mp4,2
01383.mp4,2
01384.mp4,2
01385.mp4,2
01386.mp4,2
01387.mp4,2
01388.mp4,2
01389.mp4,2
01390.mp4,2
01391.mp4,2
01392.mp4,2
01393.mp4,2
01394.mp4,2
01395.mp4,2
01396.mp4,2
01397.mp4,2
01398.mp4,2
01399.mp4,2
01400.mp4,2
01401.mp4,2
01402.mp4,2
01403.mp4,2
01404.mp4,2
01405.mp4,2
01406.mp4,2
01407.mp4,2
01408.mp4,2
01409.mp4,2
01410.mp4,2
01411.mp4,2
01412.mp4,2
01413.mp4,2
01414.mp4,2
01415.mp4,2
01416.mp4,2
01417.mp4,2
01418.mp4,2
01419.mp4,2
01420.mp4,2
01421.mp4,2
01422.mp4,2
01423.mp4,2
01424.mp4,2
01425.mp4,2
01426.mp4,2
01427.mp4,2
01428.mp4,2
01429.mp4,2
01430.mp4,2
01431.mp4,2
01432.mp4,2
01433.mp4,2
01434.mp4,2
01435.mp4,2
01436.mp4,2
01437.mp4,2
01438.mp4,2
01439.mp4,2
01440.mp4,2
01441.mp4,2
01442.mp4,2
01443.mp4,2
01444.mp4,2
01445.mp4,2
01446.mp4,2
01447.mp4,2
01448.mp4,2
01449.mp4,2
01450.mp4,2
01451.mp4,2
01452.mp4,2
01453.mp4,2
01454.mp4,2
01455.mp4,2
01456.mp4,2
01457.mp4,2
01458.mp4,2
01459.mp4,2
01460.mp4,2
01461.mp4,2
01462.mp4,2
01463.mp4,2
01464.mp4,2
01465.mp4,2
01466.mp4,2
01467.mp4,2
01468.mp4,2
01469.mp4,2
01470.mp4,2
01471.mp4,2
01472.mp4,2
01473.mp4,2
01474.mp4,2
01475.mp4,2
01476.mp4,2
01477.mp4,2
01478.mp4,2
01479.mp4,2
01480.mp4,2
01481.mp4,2
01482.mp4,2
01483.mp4,2
01484.mp4,2
01485.mp4,2
01486.mp4,2
01487.mp4,2
01488.mp4,2
01489.mp4,2
01490.mp4,2
01491.mp4,2
01492.mp4,2
01493.mp4,2
01494.mp4,2
01495.mp4,2
01496.mp4,2
01497.mp4,2
01498.mp4,2
01499.mp4,2
01500.mp4,3
01501.mp4,3
01502.mp4,3
01503.mp4,3
01504.mp4,3
01505.mp4,3
01506.mp4,3
01507.mp4,3
01508.mp4,3
01509.mp4,3
01510.mp4,3
01511.mp4,3
01512.mp4,3
01513.mp4,3
01514.mp4,3
01515.mp4,3
01516.mp4,3
01517.mp4,3
01518.mp4,3
01519.mp4,3
01520.mp4,3
01521.mp4,3
01522.mp4,3
01523.mp4,3
01524.mp4,3
01525.mp4,3
01526.mp4,3
01527.mp4,3
01528.mp4,3
01529.mp4,3
01530.mp4,3
01531.mp4,3
01532.mp4,3
01533.mp4,3
01534.mp4,3
01535.mp4,3
01536.mp4,3
01537.mp4,3
01538.mp4,3
01539.mp4,3
01540.mp4,3
01541.mp4,3
01542.mp4,3
01543.mp4,3
01544.mp4,3
01545.mp4,3
01546.mp4,3
01547.mp4,3
01548.mp4,3
01549.mp4,3
01550.mp4,3
01551.mp4,3
01552.mp4,3
01553.mp4,3
01554.mp4,3
01555.mp4,3
01556.mp4,3
01557.mp4,3
01558.mp4,3
01559.mp4,3
01560.mp4,3
01561.mp4,3
01562.mp4,3
01563.mp4,3
01564.mp4,3
01565.mp4,3
01566.mp4,3
01567.mp4,3
01568.mp4,3
01569.mp4,3
01570.mp4,3
01571.mp4,3
01572.mp4,3
01573.mp4,3
01574.mp4,3
01575.mp4,3
01576.mp4,3
01577.mp4,3
01578.mp4,3
01579.mp4,3
01580.mp4,3
01581.mp4,3
01582.mp4,3
01583.mp4,3
01584.mp4,3
01585.mp4,3
01586.mp4,3
01587.mp4,3
01588.mp4,3
01589.mp4,3
01590.mp4,3
01591.mp4,3
01592.mp4,3
01593.mp4,3
01594.mp4,3
01595.mp4,3
01596.mp4,3
01597.mp4,3
01598.mp4,3
01599.mp4,3
01600.mp4,3
01601.mp4,3
01602.mp4,3
01603.mp4,3
01604.mp4,3
01605.mp4,3
01606.mp4,3
01607.mp4,3
01608.mp4,3
01609.mp4,3
01610.mp4,3
01611.mp4,3
01612.mp4,3
01613.mp4,3
01614.mp4,3
01615.mp4,3
01616.mp4,3
01617.mp4,3
01618.mp4,3
01619.mp4,3
01620.mp4,3
01621.mp4,3
01622.mp4,3
01623.mp4,3
01624.mp4,3
01625.mp4,3
01626.mp4,3
01627.mp4,3
01628.mp4,3
01629.mp4,3
01630.mp4,3
01631.mp4,3
01632.mp4,3
01633.mp4,3
01634.mp4,3
01635.mp4,3
01636.mp4,3
01637.mp4,3
01638.mp4,3
01639.mp4,3
01640.mp4,3
01641.mp4,3
01642.mp4,3
01643.mp4,3
01644.mp4,3
01645.mp4,3
01646.mp4,3
01647.mp4,3
01648.mp4,3
01649.mp4,3
01650.mp4,3
01651.mp4,3
01652.mp4,3
01653.mp4,3
01654.mp4,3
01655.mp4,3
01656.mp4,3
01657.mp4,3
01658.mp4,3
01659.mp4,3
01660.mp4,3
01661.mp4,3
01662.mp4,3
01663.mp4,3
01664.mp4,3
01665.mp4,3
01666.mp4,3
01667.mp4,3
01668.mp4,3
01669.mp4,3
01670.mp4,3
01671.mp4,3
01672.mp4,3
01673.mp4,3
01674.mp4,3
01675.mp4,3
01676.mp4,3
01677.mp4,3
01678.mp4,3
01679.mp4,3
01680.mp4,3
01681.mp4,3
01682.mp4,3
01683.mp4,3
01684.mp4,3
01685.mp4,3
01686.mp4,3
01687.mp4,3
01688.mp4,3
01689.mp4,3
01690.mp4,3
01691.mp4,3
01692.mp4,3
01693.mp4,3
01694.mp4,3
01695.mp4,3
01696.mp4,3
01697.mp4,3
01698.mp4,3
01699.mp4,3
01700.mp4,3
01701.mp4,3
01702.mp4,3
01703.mp4,3
01704.mp4,3
01705.mp4,3
01706.mp4,3
01707.mp4,3
01708.mp4,3
01709.mp4,3
01710.mp4,3
01711.mp4,3
01712.mp4,3
01713.mp4,3
01714.mp4,3
01715.mp4,3
01716.mp4,3
01717.mp4,3
01718.mp4,3
01719.mp4,3
01720.mp4,3
01721.mp4,3
01722.mp4,3
01723.mp4,3
01724.mp4,3
01725.mp4,3
01726.mp4,3
01727.mp4,3
01728.mp4,3
01729.mp4,3
01730.mp4,3
01731.mp4,3
01732.mp4,3
01733.mp4,3
01734.mp4,3
01735.mp4,3
01736.mp4,3
01737.mp4,3
01738.mp4,3
01739.mp4,3
01740.mp4,3
01741.mp4,3
01742.mp4,3
01743.mp4,3
01744.mp4,3
01745.mp4,3
01746.mp4,3
01747.mp4,3
01748.mp4,3
01749.mp4,3
01750.mp4,3
01751.mp4,3
01752.mp4,3
01753.mp4,3
01754.mp4,3
01755.mp4,3
01756.mp4,3
01757.mp4,3
01758.mp4,3
01759.mp4,3
01760.mp4,3
01761.mp4,3
01762.mp4,3
01763.mp4,3
01764.mp4,3
01765.mp4,3
01766.mp4,3
01767.mp4,3
01768.mp4,3
01769.mp4,3
01770.mp4,3
01771.mp4,3
01772.mp4,3
01773.mp4,3
01774.mp4,3
01775.mp4,3
01776.mp4,3
01777.mp4,3
01778.mp4,3
01779.mp4,3
01780.mp4,3
01781.mp4,3
01782.mp4,3
01783.mp4,3
01784.mp4,3
01785.mp4,3
01786.mp4,3
01787.mp4,3
01788.mp4,3
01789.mp4,3
01790.mp4,3
01791.mp4,3
01792.mp4,3
01793.mp4,3
01794.mp4,3
01795.mp4,3
01796.mp4,3
01797.mp4,3
01798.mp4,3
01799.mp4,3
01800.mp4,3
01801.mp4,3
01802.mp4,3
01803.mp4,3
01804.mp4,3
01805.mp4,3
01806.mp4,3
01807.mp4,3
01808.mp4,3
01809.mp4,3
01810.mp4,3
01811.mp4,3
01812.mp4,3
01813.mp4,3
01814.mp4,3
01815.mp4,3
01816.mp4,3
01817.mp4,3
01818.mp4,3
01819.mp4,3
01820.mp4,3
01821.mp4,3
01822.mp4,3
01823.mp4,3
01824.mp4,3
01825.mp4,3
01826.mp4,3
01827.mp4,3
01828.mp4,3
01829.mp4,3
01830.mp4,3
01831.mp4,3
01832.mp4,3
01833.mp4,3
01834.mp4,3
01835.mp4,3
01836.mp4,3
01837.mp4,3
01838.mp4,3
01839.mp4,3
01840.mp4,3
01841.mp4,3
01842.mp4,3
01843.mp4,3
01844.mp4,3
01845.mp4,3
01846.mp4,3
01847.mp4,3
01848.mp4,3
01849.mp4,3
01850.mp4,3
01851.mp4,3
01852.mp4,3
01853.mp4,3
01854.mp4,3
01855.mp4,3
01856.mp4,3
01857.mp4,3
01858.mp4,3
01859.mp4,3
01860.mp4,3
01861.mp4,3
01862.mp4,3
01863.mp4,3
01864.mp4,3
01865.mp4,3
01866.mp4,3
01867.mp4,3
01868.mp4,3
01869.mp4,3
01870.mp4,3
01871.mp4,3
01872.mp4,3
01873.mp4,3
01874.mp4,3
01875.mp4,3
01876.mp4,3
01877.mp4,3
01878.mp4,3
01879.mp4,3
01880.mp4,3
01881.mp4,3
01882.mp4,3
01883.mp4,3
01884.mp4,3
01885.mp4,3
01886.mp4,3
01887.mp4,3
01888.mp4,3
01889.mp4,3
01890.mp4,3
01891.mp4,3
01892.mp4,3
01893.mp4,3
01894.mp4,3
01895.mp4,3
01896.mp4,3
01897.mp4,3
01898.mp4,3
01899.mp4,3
01900.mp4,3
01901.mp4,3
01902.mp4,3
01903.mp4,3
01904.mp4,3
01905.mp4,3
01906.mp4,3
01907.mp4,3
01908.mp4,3
01909.mp4,3
01910.mp4,3
01911.mp4,3
01912.mp4,3
01913.mp4,3
01914.mp4,3
01915.mp4,3
01916.mp4,3
01917.mp4,3
01918.mp4,3
01919.mp4,3
01920.mp4,3
01921.mp4,3
01922.mp4,3
01923.mp4,3
01924.mp4,3
01925.mp4,3
01926.mp4,3
01927.mp4,3
01928.mp4,3
01929.mp4,3
01930.mp4,3
01931.mp4,3
01932.mp4,3
01933.mp4,3
01934.mp4,3
01935.mp4,3
01936.mp4,3
01937.mp4,3
01938.mp4,3
01939.mp4,3
01940.mp4,3
01941.mp4,3
01942.mp4,3
01943.mp4,3
01944.mp4,3
01945.mp4,3
01946.mp4,3
01947.mp4,3
01948.mp4,3
01949.mp4,3
01950.mp4,3
01951.mp4,3
01952.mp4,3
01953.mp4,3
01954.mp4,3
01955.mp4,3
01956.mp4,3
01957.mp4,3
01958.mp4,3
01959.mp4,3
01960.mp4,3
01961.mp4,3
01962.mp4,3
01963.mp4,3
01964.mp4,3
01965.mp4,3
01966.mp4,3
01967.mp4,3
01968.mp4,3
01969.mp4,3
01970.mp4,3
01971.mp4,3
01972.mp4,3
01973.mp4,3
01974.mp4,3
01975.mp4,3
01976.mp4,3
01977.mp4,3
01978.mp4,3
01979.mp4,3
01980.mp4,3
01981.mp4,3
01982.mp4,3
01983.mp4,3
01984.mp4,3
01985.mp4,3
01986.mp4,3
01987.mp4,3
01988.mp4,3
01989.mp4,3
01990.mp4,3
01991.mp4,3
01992.mp4,3
01993.mp4,3
01994.mp4,3
01995.mp4,3
01996.mp4,3
01997.mp4,3
01998.mp4,3
01999.mp4,3
02000.mp4,4
02001.mp4,4
02002.mp4,4
02003.mp4,4
02004.mp4,4
02005.mp4,4
02006.mp4,4
02007.mp4,4
02008.mp4,4
02009.mp4,4
02010.mp4,4
02011.mp4,4
02012.mp4,4
02013.mp4,4
02014.mp4,4
02015.mp4,4
02016.mp4,4
02017.mp4,4
02018.mp4,4
02019.mp4,4
02020.mp4,4
02021.mp4,4
02022.mp4,4
02023.mp4,4
02024.mp4,4
02025.mp4,4
02026.mp4,4
02027.mp4,4
02028.mp4,4
02029.mp4,4
02030.mp4,4
02031.mp4,4
02032.mp4,4
02033.mp4,4
02034.mp4,4
02035.mp4,4
02036.mp4,4
02037.mp4,4
02038.mp4,4
02039.mp4,4
02040.mp4,4
02041.mp4,4
02042.mp4,4
02043.mp4,4
02044.mp4,4
02045.mp4,4
02046.mp4,4
02047.mp4,4
02048.mp4,4
02049.mp4,4
02050.mp4,4
02051.mp4,4
02052.mp4,4
02053.mp4,4
02054.mp4,4
02055.mp4,4
02056.mp4,4
02057.mp4,4
02058.mp4,4
02059.mp4,4
02060.mp4,4
02061.mp4,4
02062.mp4,4
02063.mp4,4
02064.mp4,4
02065.mp4,4
02066.mp4,4
02067.mp4,4
02068.mp4,4
02069.mp4,4
02070.mp4,4
02071.mp4,4
02072.mp4,4
02073.mp4,4
02074.mp4,4
02075.mp4,4
02076.mp4,4
02077.mp4,4
02078.mp4,4
02079.mp4,4
02080.mp4,4
02081.mp4,4
02082.mp4,4
02083.mp4,4
02084.mp4,4
02085.mp4,4
02086.mp4,4
02087.mp4,4
02088.mp4,4
02089.mp4,4
02090.mp4,4
02091.mp4,4
02092.mp4,4
02093.mp4,4
02094.mp4,4
02095.mp4,4
02096.mp4,4
02097.mp4,4
02098.mp4,4
02099.mp4,4
02100.mp4,4
02101.mp4,4
02102.mp4,4
02103.mp4,4
02104.mp4,4
02105.mp4,4
02106.mp4,4
02107.mp4,4
02108.mp4,4
02109.mp4,4
02110.mp4,4
02111.mp4,4
02112.mp4,4
02113.mp4,4
02114.mp4,4
02115.mp4,4
02116.mp4,4
02117.mp4,4
02118.mp4,4
02119.mp4,4
02120.mp4,4
02121.mp4,4
02122.mp4,4
02123.mp4,4
02124.mp4,4
02125.mp4,4
02126.mp4,4
02127.mp4,4
02128.mp4,4
02129.mp4,4
02130.mp4,4
02131.mp4,4
02132.mp4,4
02133.mp4,4
02134.mp4,4
02135.mp4,4
02136.mp4,4
02137.mp4,4
02138.mp4,4
02139.mp4,4
02140.mp4,4
02141.mp4,4
02142.mp4,4
02143.mp4,4
02144.mp4,4
02145.mp4,4
02146.mp4,4
02147.mp4,4
02148.mp4,4
02149.mp4,4
02150.mp4,4
02151.mp4,4
02152.mp4,4
02153.mp4,4
02154.mp4,4
02155.mp4,4
02156.mp4,4
02157.mp4,4
02158.mp4,4
02159.mp4,4
02160.mp4,4
02161.mp4,4
02162.mp4,4
02163.mp4,4
02164.mp4,4
02165.mp4,4
02166.mp4,4
02167.mp4,4
02168.mp4,4
02169.mp4,4
02170.mp4,4
02171.mp4,4
02172.mp4,4
02173.mp4,4
02174.mp4,4
02175.mp4,4
02176.mp4,4
02177.mp4,4
02178.mp4,4
02179.mp4,4
02180.mp4,4
02181.mp4,4
02182.mp4,4
02183.mp4,4
02184.mp4,4
02185.mp4,4
02186.mp4,4
02187.mp4,4
02188.mp4,4
02189.mp4,4
02190.mp4,4
02191.mp4,4
02192.mp4,4
02193.mp4,4
02194.mp4,4
02195.mp4,4
02196.mp4,4
02197.mp4,4
02198.mp4,4
02199.mp4,4
02200.mp4,4
02201.mp4,4
02202.mp4,4
02203.mp4,4
02204.mp4,4
02205.mp4,4
02206.mp4,4
02207.mp4,4
02208.mp4,4
02209.mp4,4
02210.mp4,4
02211.mp4,4
02212.mp4,4
02213.mp4,4
02214.mp4,4
02215.mp4,4
02216.mp4,4
02217.mp4,4
02218.mp4,4
02219.mp4,4
02220.mp4,4
02221.mp4,4
02222.mp4,4
02223.mp4,4
02224.mp4,4
02225.mp4,4
02226.mp4,4
02227.mp4,4
02228.mp4,4
02229.mp4,4
02230.mp4,4
02231.mp4,4
02232.mp4,4
02233.mp4,4
02234.mp4,4
02235.mp4,4
02236.mp4,4
02237.mp4,4
02238.mp4,4
02239.mp4,4
02240.mp4,4
02241.mp4,4
02242.mp4,4
02243.mp4,4
02244.mp4,4
02245.mp4,4
02246.mp4,4
02247.mp4,4
02248.mp4,4
02249.mp4,4
02250.mp4,4
02251.mp4,4
02252.mp4,4
02253.mp4,4
02254.mp4,4
02255.mp4,4
02256.mp4,4
02257.mp4,4
02258.mp4,4
02259.mp4,4
02260.mp4,4
02261.mp4,4
02262.mp4,4
02263.mp4,4
02264.mp4,4
02265.mp4,4
02266.mp4,4
02267.mp4,4
02268.mp4,4
02269.mp4,4
02270.mp4,4
02271.mp4,4
02272.mp4,4
02273.mp4,4
02274.mp4,4
02275.mp4,4
02276.mp4,4
02277.mp4,4
02278.mp4,4
02279.mp4,4
02280.mp4,4
02281.mp4,4
02282.mp4,4
02283.mp4,4
02284.mp4,4
02285.mp4,4
02286.mp4,4
02287.mp4,4
02288.mp4,4
02289.mp4,4
02290.mp4,4
02291.mp4,4
02292.mp4,4
02293.mp4,4
02294.mp4,4
02295.mp4,4
02296.mp4,4
02297.mp4,4
02298.mp4,4
02299.mp4,4
02300.mp4,4
02301.mp4,4
02302.mp4,4
02303.mp4,4
02304.mp4,4
02305.mp4,4
02306.mp4,4
02307.mp4,4
02308.mp4,4
02309.mp4,4
02310.mp4,4
02311.mp4,4
02312.mp4,4
02313.mp4,4
02314.mp4,4
02315.mp4,4
02316.mp4,4
02317.mp4,4
02318.mp4,4
02319.mp4,4
02320.mp4,4
02321.mp4,4
02322.mp4,4
02323.mp4,4
02324.mp4,4
02325.mp4,4
02326.mp4,4
02327.mp4,4
02328.mp4,4
02329.mp4,4
02330.mp4,4
02331.mp4,4
02332.mp4,4
02333.mp4,4
02334.mp4,4
02335.mp4,4
02336.mp4,4
02337.mp4,4
02338.mp4,4
02339.mp4,4
02340.mp4,4
02341.mp4,4
02342.mp4,4
02343.mp4,4
02344.mp4,4
02345.mp4,4
02346.mp4,4
02347.mp4,4
02348.mp4,4
02349.mp4,4
02350.mp4,4
02351.mp4,4
02352.mp4,4
02353.mp4,4
02354.mp4,4
02355.mp4,4
02356.mp4,4
02357.mp4,4
02358.mp4,4
02359.mp4,4
02360.mp4,4
02361.mp4,4
02362.mp4,4
02363.mp4,4
02364.mp4,4
02365.mp4,4
02366.mp4,4
02367.mp4,4
02368.mp4,4
02369.mp4,4
02370.mp4,4
02371.mp4,4
02372.mp4,4
02373.mp4,4
02374.mp4,4
02375.mp4,4
02376.mp4,4
02377.mp4,4
02378.mp4,4
02379.mp4,4
02380.mp4,4
02381.mp4,4
02382.mp4,4
02383.mp4,4
02384.mp4,4
02385.mp4,4
02386.mp4,4
02387.mp4,4
02388.mp4,4
02389.mp4,4
02390.mp4,4
02391.mp4,4
02392.mp4,4
02393.mp4,4
02394.mp4,4
02395.mp4,4
02396.mp4,4
02397.mp4,4
02398.mp4,4
02399.mp4,4
02400.mp4,4
02401.mp4,4
02402.mp4,4
02403.mp4,4
02404.mp4,4
02405.mp4,4
02406.mp4,4
02407.mp4,4
02408.mp4,4
02409.mp4,4
02410.mp4,4
02411.mp4,4
02412.mp4,4
02413.mp4,4
02414.mp4,4
02415.mp4,4
02416.mp4,4
02417.mp4,4
02418.mp4,4
02419.mp4,4
02420.mp4,4
02421.mp4,4
02422.mp4,4
02423.mp4,4
02424.mp4,4
02425.mp4,4
02426.mp4,4
02427.mp4,4
02428.mp4,4
02429.mp4,4
02430.mp4,4
02431.mp4,4
02432.mp4,4
02433.mp4,4
02434.mp4,4
02435.mp4,4
02436.mp4,4
02437.mp4,4
02438.mp4,4
02439.mp4,4
02440.mp4,4
02441.mp4,4
02442.mp4,4
02443.mp4,4
02444.mp4,4
02445.mp4,4
02446.mp4,4
02447.mp4,4
02448.mp4,4
02449.mp4,4
02450.mp4,4
02451.mp4,4
02452.mp4,4
02453.mp4,4
02454.mp4,4
02455.mp4,4
02456.mp4,4
02457.mp4,4
02458.mp4,4
02459.mp4,4
02460.mp4,4
02461.mp4,4
02462.mp4,4
02463.mp4,4
02464.mp4,4
02465.mp4,4
02466.mp4,4
02467.mp4,4
02468.mp4,4
02469.mp4,4
02470.mp4,4
02471.mp4,4
02472.mp4,4
02473.mp4,4
02474.mp4,4
02475.mp4,4
02476.mp4,4
02477.mp4,4
02478.mp4,4
02479.mp4,4
02480.mp4,4
02481.mp4,4
02482.mp4,4
02483.mp4,4
02484.mp4,4
02485.mp4,4
02486.mp4,4
02487.mp4,4
02488.mp4,4
02489.mp4,4
02490.mp4,4
02491.mp4,4
02492.mp4,4
02493.mp4,4
02494.mp4,4
02495.mp4,4
02496.mp4,4
02497.mp4,4
02498.mp4,4
02499.mp4,4
02500.mp4,5
02501.mp4,5
02502.mp4,5
02503.mp4,5
02504.mp4,5
02505.mp4,5
02506.mp4,5
02507.mp4,5
02508.mp4,5
02509.mp4,5
02510.mp4,5
02511.mp4,5
02512.mp4,5
02513.mp4,5
02514.mp4,5
02515.mp4,5
02516.mp4,5
02517.mp4,5
02518.mp4,5
02519.mp4,5
02520.mp4,5
02521.mp4,5
02522.mp4,5
02523.mp4,5
02524.mp4,5
02525.mp4,5
02526.mp4,5
02527.mp4,5
02528.mp4,5
02529.mp4,5
02530.mp4,5
02531.mp4,5
02532.mp4,5
02533.mp4,5
02534.mp4,5
02535.mp4,5
02536.mp4,5
02537.mp4,5
02538.mp4,5
02539.mp4,5
02540.mp4,5
02541.mp4,5
02542.mp4,5
02543.mp4,5
02544.mp4,5
02545.mp4,5
02546.mp4,5
02547.mp4,5
02548.mp4,5
02549.mp4,5
02550.mp4,5
02551.mp4,5
02552.mp4,5
02553.mp4,5
02554.mp4,5
02555.mp4,5
02556.mp4,5
02557.mp4,5
02558.mp4,5
02559.mp4,5
02560.mp4,5
02561.mp4,5
02562.mp4,5
02563.mp4,5
02564.mp4,5
02565.mp4,5
02566.mp4,5
02567.mp4,5
02568.mp4,5
02569.mp4,5
02570.mp4,5
02571.mp4,5
02572.mp4,5
02573.mp4,5
02574.mp4,5
02575.mp4,5
02576.mp4,5
02577.mp4,5
02578.mp4,5
02579.mp4,5
02580.mp4,5
02581.mp4,5
02582.mp4,5
02583.mp4,5
02584.mp4,5
02585.mp4,5
02586.mp4,5
02587.mp4,5
02588.mp4,5
02589.mp4,5
02590.mp4,5
02591.mp4,5
02592.mp4,5
02593.mp4,5
02594.mp4,5
02595.mp4,5
02596.mp4,5
02597.mp4,5
02598.mp4,5
02599.mp4,5
02600.mp4,5
02601.mp4,5
02602.mp4,5
02603.mp4,5
02604.mp4,5
02605.mp4,5
02606.mp4,5
02607.mp4,5
02608.mp4,5
02609.mp4,5
02610.mp4,5
02611.mp4,5
02612.mp4,5
02613.mp4,5
02614.mp4,5
02615.mp4,5
02616.mp4,5
02617.mp4,5
02618.mp4,5
02619.mp4,5
02620.mp4,5
02621.mp4,5
02622.mp4,5
02623.mp4,5
02624.mp4,5
02625.mp4,5
02626.mp4,5
02627.mp4,5
02628.mp4,5
02629.mp4,5
02630.mp4,5
02631.mp4,5
02632.mp4,5
02633.mp4,5
02634.mp4,5
02635.mp4,5
02636.mp4,5
02637.mp4,5
02638.mp4,5
02639.mp4,5
02640.mp4,5
02641.mp4,5
02642.mp4,5
02643.mp4,5
02644.mp4,5
02645.mp4,5
02646.mp4,5
02647.mp4,5
02648.mp4,5
02649.mp4,5
02650.mp4,5
02651.mp4,5
02652.mp4,5
02653.mp4,5
02654.mp4,5
02655.mp4,5
02656.mp4,5
02657.mp4,5
02658.mp4,5
02659.mp4,5
02660.mp4,5
02661.mp4,5
02662.mp4,5
02663.mp4,5
02664.mp4,5
02665.mp4,5
02666.mp4,5
02667.mp4,5
02668.mp4,5
02669.mp4,5
02670.mp4,5
02671.mp4,5
02672.mp4,5
02673.mp4,5
02674.mp4,5
02675.mp4,5
02676.mp4,5
02677.mp4,5
02678.mp4,5
02679.mp4,5
02680.mp4,5
02681.mp4,5
02682.mp4,5
02683.mp4,5
02684.mp4,5
02685.mp4,5
02686.mp4,5
02687.mp4,5
02688.mp4,5
02689.mp4,5
02690.mp4,5
02691.mp4,5
02692.mp4,5
02693.mp4,5
02694.mp4,5
02695.mp4,5
02696.mp4,5
02697.mp4,5
02698.mp4,5
02699.mp4,5
02700.mp4,5
02701.mp4,5
02702.mp4,5
02703.mp4,5
02704.mp4,5
02705.mp4,5
02706.mp4,5
02707.mp4,5
02708.mp4,5
02709.mp4,5
02710.mp4,5
02711.mp4,5
02712.mp4,5
02713.mp4,5
02714.mp4,5
02715.mp4,5
02716.mp4,5
02717.mp4,5
02718.mp4,5
02719.mp4,5
02720.mp4,5
02721.mp4,5
02722.mp4,5
02723.mp4,5
02724.mp4,5
02725.mp4,5
02726.mp4,5
02727.mp4,5
02728.mp4,5
02729.mp4,5
02730.mp4,5
02731.mp4,5
02732.mp4,5
02733.mp4,5
02734.mp4,5
02735.mp4,5
02736.mp4,5
02737.mp4,5
02738.mp4,5
02739.mp4,5
02740.mp4,5
02741.mp4,5
02742.mp4,5
02743.mp4,5
02744.mp4,5
02745.mp4,5
02746.mp4,5
02747.mp4,5
02748.mp4,5
02749.mp4,5
02750.mp4,5
02751.mp4,5
02752.mp4,5
02753.mp4,5
02754.mp4,5
02755.mp4,5
02756.mp4,5
02757.mp4,5
02758.mp4,5
02759.mp4,5
02760.mp4,5
02761.mp4,5
02762.mp4,5
02763.mp4,5
02764.mp4,5
02765.mp4,5
02766.mp4,5
02767.mp4,5
02768.mp4,5
02769.mp4,5
02770.mp4,5
02771.mp4,5
02772.mp4,5
02773.mp4,5
02774.mp4,5
02775.mp4,5
02776.mp4,5
02777.mp4,5
02778.mp4,5
02779.mp4,5
02780.mp4,5
02781.mp4,5
02782.mp4,5
02783.mp4,5
02784.mp4,5
02785.mp4,5
02786.mp4,5
02787.mp4,5
02788.mp4,5
02789.mp4,5
02790.mp4,5
02791.mp4,5
02792.mp4,5
02793.mp4,5
02794.mp4,5
02795.mp4,5
02796.mp4,5
02797.mp4,5
02798.mp4,5
02799.mp4,5
02800.mp4,5
02801.mp4,5
02802.mp4,5
02803.mp4,5
02804.mp4,5
02805.mp4,5
02806.mp4,5
02807.mp4,5
02808.mp4,5
02809.mp4,5
02810.mp4,5
02811.mp4,5
02812.mp4,5
02813.mp4,5
02814.mp4,5
02815.mp4,5
02816.mp4,5
02817.mp4,5
02818.mp4,5
02819.mp4,5
02820.mp4,5
02821.mp4,5
02822.mp4,5
02823.mp4,5
02824.mp4,5
02825.mp4,5
02826.mp4,5
02827.mp4,5
02828.mp4,5
02829.mp4,5
02830.mp4,5
02831.mp4,5
02832.mp4,5
02833.mp4,5
02834.mp4,5
02835.mp4,5
02836.mp4,5
02837.mp4,5
02838.mp4,5
02839.mp4,5
02840.mp4,5
02841.mp4,5
02842.mp4,5
02843.mp4,5
02844.mp4,5
02845.mp4,5
02846.mp4,5
02847.mp4,5
02848.mp4,5
02849.mp4,5
02850.mp4,5
02851.mp4,5
02852.mp4,5
02853.mp4,5
02854.mp4,5
02855.mp4,5
02856.mp4,5
02857.mp4,5
02858.mp4,5
02859.mp4,5
02860.mp4,5
02861.mp4,5
02862.mp4,5
02863.mp4,5
02864.mp4,5
02865.mp4,5
02866.mp4,5
02867.mp4,5
02868.mp4,5
02869.mp4,5
02870.mp4,5
02871.mp4,5
02872.mp4,5
02873.mp4,5
02874.mp4,5
02875.mp4,5
02876.mp4,5
02877.mp4,5
02878.mp4,5
02879.mp4,5
02880.mp4,5
02881.mp4,5
02882.mp4,5
02883.mp4,5
02884.mp4,5
02885.mp4,5
02886.mp4,5
02887.mp4,5
02888.mp4,5
02889.mp4,5
02890.mp4,5
02891.mp4,5
02892.mp4,5
02893.mp4,5
02894.mp4,5
02895.mp4,5
02896.mp4,5
02897.mp4,5
02898.mp4,5
02899.mp4,5
02900.mp4,5
02901.mp4,5
02902.mp4,5
02903.mp4,5
02904.mp4,5
02905.mp4,5
02906.mp4,5
02907.mp4,5
02908.mp4,5
02909.mp4,5
02910.mp4,5
02911.mp4,5
02912.mp4,5
02913.mp4,5
02914.mp4,5
02915.mp4,5
02916.mp4,5
02917.mp4,5
02918.mp4,5
02919.mp4,5
02920.mp4,5
02921.mp4,5
02922.mp4,5
02923.mp4,5
02924.mp4,5
02925.mp4,5
02926.mp4,5
02927.mp4,5
02928.mp4,5
02929.mp4,5
02930.mp4,5
02931.mp4,5
02932.mp4,5
02933.mp4,5
02934.mp4,5
02935.mp4,5
02936.mp4,5
02937.mp4,5
02938.mp4,5
02939.mp4,5
02940.mp4,5
02941.mp4,5
02942.mp4,5
02943.mp4,5
02944.mp4,5
02945.mp4,5
02946.mp4,5
02947.mp4,5
02948.mp4,5
02949.mp4,5
02950.mp4,5
02951.mp4,5
02952.mp4,5
02953.mp4,5
02954.mp4,5
02955.mp4,5
02956.mp4,5
02957.mp4,5
02958.mp4,5
02959.mp4,5
02960.mp4,5
02961.mp4,5
02962.mp4,5
02963.mp4,5
02964.mp4,5
02965.mp4,5
02966.mp4,5
02967.mp4,5
02968.mp4,5
02969.mp4,5
02970.mp4,5
02971.mp4,5
02972.mp4,5
02973.mp4,5
02974.mp4,5
02975.mp4,5
02976.mp4,5
02977.mp4,5
02978.mp4,5
02979.mp4,5
02980.mp4,5
02981.mp4,5
02982.mp4,5
02983.mp4,5
02984.mp4,5
02985.mp4,5
02986.mp4,5
02987.mp4,5
02988.mp4,5
02989.mp4,5
02990.mp4,5
02991.mp4,5
02992.mp4,5
02993.mp4,5
02994.mp4,5
02995.mp4,5
02996.mp4,5
02997.mp4,5
02998.mp4,5
02999.mp4,5
03000.mp4,6
03001.mp4,6
03002.mp4,6
03003.mp4,6
03004.mp4,6
03005.mp4,6
03006.mp4,6
03007.mp4,6
03008.mp4,6
03009.mp4,6
03010.mp4,6
03011.mp4,6
03012.mp4,6
03013.mp4,6
03014.mp4,6
03015.mp4,6
03016.mp4,6
03017.mp4,6
03018.mp4,6
03019.mp4,6
03020.mp4,6
03021.mp4,6
03022.mp4,6
03023.mp4,6
03024.mp4,6
03025.mp4,6
03026.mp4,6
03027.mp4,6
03028.mp4,6
03029.mp4,6
03030.mp4,6
03031.mp4,6
03032.mp4,6
03033.mp4,6
03034.mp4,6
03035.mp4,6
03036.mp4,6
03037.mp4,6
03038.mp4,6
03039.mp4,6
03040.mp4,6
03041.mp4,6
03042.mp4,6
03043.mp4,6
03044.mp4,6
03045.mp4,6
03046.mp4,6
03047.mp4,6
03048.mp4,6
03049.mp4,6
03050.mp4,6
03051.mp4,6
03052.mp4,6
03053.mp4,6
03054.mp4,6
03055.mp4,6
03056.mp4,6
03057.mp4,6
03058.mp4,6
03059.mp4,6
03060.mp4,6
03061.mp4,6
03062.mp4,6
03063.mp4,6
03064.mp4,6
03065.mp4,6
03066.mp4,6
03067.mp4,6
03068.mp4,6
03069.mp4,6
03070.mp4,6
03071.mp4,6
03072.mp4,6
03073.mp4,6
03074.mp4,6
03075.mp4,6
03076.mp4,6
03077.mp4,6
03078.mp4,6
03079.mp4,6
03080.mp4,6
03081.mp4,6
03082.mp4,6
03083.mp4,6
03084.mp4,6
03085.mp4,6
03086.mp4,6
03087.mp4,6
03088.mp4,6
03089.mp4,6
03090.mp4,6
03091.mp4,6
03092.mp4,6
03093.mp4,6
03094.mp4,6
03095.mp4,6
03096.mp4,6
03097.mp4,6
03098.mp4,6
03099.mp4,6
03100.mp4,6
03101.mp4,6
03102.mp4,6
03103.mp4,6
03104.mp4,6
03105.mp4,6
03106.mp4,6
03107.mp4,6
03108.mp4,6
03109.mp4,6
03110.mp4,6
03111.mp4,6
03112.mp4,6
03113.mp4,6
03114.mp4,6
03115.mp4,6
03116.mp4,6
03117.mp4,6
03118.mp4,6
03119.mp4,6
03120.mp4,6
03121.mp4,6
03122.mp4,6
03123.mp4,6
03124.mp4,6
03125.mp4,6
03126.mp4,6
03127.mp4,6
03128.mp4,6
03129.mp4,6
03130.mp4,6
03131.mp4,6
03132.mp4,6
03133.mp4,6
03134.mp4,6
03135.mp4,6
03136.mp4,6
03137.mp4,6
03138.mp4,6
03139.mp4,6
03140.mp4,6
03141.mp4,6
03142.mp4,6
03143.mp4,6
03144.mp4,6
03145.mp4,6
03146.mp4,6
03147.mp4,6
03148.mp4,6
03149.mp4,6
03150.mp4,6
03151.mp4,6
03152.mp4,6
03153.mp4,6
03154.mp4,6
03155.mp4,6
03156.mp4,6
03157.mp4,6
03158.mp4,6
03159.mp4,6
03160.mp4,6
03161.mp4,6
03162.mp4,6
03163.mp4,6
03164.mp4,6
03165.mp4,6
03166.mp4,6
03167.mp4,6
03168.mp4,6
03169.mp4,6
03170.mp4,6
03171.mp4,6
03172.mp4,6
03173.mp4,6
03174.mp4,6
03175.mp4,6
03176.mp4,6
03177.mp4,6
03178.mp4,6
03179.mp4,6
03180.mp4,6
03181.mp4,6
03182.mp4,6
03183.mp4,6
03184.mp4,6
03185.mp4,6
03186.mp4,6
03187.mp4,6
03188.mp4,6
03189.mp4,6
03190.mp4,6
03191.mp4,6
03192.mp4,6
03193.mp4,6
03194.mp4,6
03195.mp4,6
03196.mp4,6
03197.mp4,6
03198.mp4,6
03199.mp4,6
03200.mp4,6
03201.mp4,6
03202.mp4,6
03203.mp4,6
03204.mp4,6
03205.mp4,6
03206.mp4,6
03207.mp4,6
03208.mp4,6
03209.mp4,6
03210.mp4,6
03211.mp4,6
03212.mp4,6
03213.mp4,6
03214.mp4,6
03215.mp4,6
03216.mp4,6
03217.mp4,6
03218.mp4,6
03219.mp4,6
03220.mp4,6
03221.mp4,6
03222.mp4,6
03223.mp4,6
03224.mp4,6
03225.mp4,6
03226.mp4,6
03227.mp4,6
03228.mp4,6
03229.mp4,6
03230.mp4,6
03231.mp4,6
03232.mp4,6
03233.mp4,6
03234.mp4,6
03235.mp4,6
03236.mp4,6
03237.mp4,6
03238.mp4,6
03239.mp4,6
03240.mp4,6
03241.mp4,6
03242.mp4,6
03243.mp4,6
03244.mp4,6
03245.mp4,6
03246.mp4,6
03247.mp4,6
03248.mp4,6
03249.mp4,6
03250.mp4,6
03251.mp4,6
03252.mp4,6
03253.mp4,6
03254.mp4,6
03255.mp4,6
03256.mp4,6
03257.mp4,6
03258.mp4,6
03259.mp4,6
03260.mp4,6
03261.mp4,6
03262.mp4,6
03263.mp4,6
03264.mp4,6
03265.mp4,6
03266.mp4,6
03267.mp4,6
03268.mp4,6
03269.mp4,6
03270.mp4,6
03271.mp4,6
03272.mp4,6
03273.mp4,6
03274.mp4,6
03275.mp4,6
03276.mp4,6
03277.mp4,6
03278.mp4,6
03279.mp4,6
03280.mp4,6
03281.mp4,6
03282.mp4,6
03283.mp4,6
03284.mp4,6
03285.mp4,6
03286.mp4,6
03287.mp4,6
03288.mp4,6
03289.mp4,6
03290.mp4,6
03291.mp4,6
03292.mp4,6
03293.mp4,6
03294.mp4,6
03295.mp4,6
03296.mp4,6
03297.mp4,6
03298.mp4,6
03299.mp4,6
03300.mp4,6
03301.mp4,6
03302.mp4,6
03303.mp4,6
03304.mp4,6
03305.mp4,6
03306.mp4,6
03307.mp4,6
03308.mp4,6
03309.mp4,6
03310.mp4,6
03311.mp4,6
03312.mp4,6
03313.mp4,6
03314.mp4,6
03315.mp4,6
03316.mp4,6
03317.mp4,6
03318.mp4,6
03319.mp4,6
03320.mp4,6
03321.mp4,6
03322.mp4,6
03323.mp4,6
03324.mp4,6
03325.mp4,6
03326.mp4,6
03327.mp4,6
03328.mp4,6
03329.mp4,6
03330.mp4,6
03331.mp4,6
03332.mp4,6
03333.mp4,6
03334.mp4,6
03335.mp4,6
03336.mp4,6
03337.mp4,6
03338.mp4,6
03339.mp4,6
03340.mp4,6
03341.mp4,6
03342.mp4,6
03343.mp4,6
03344.mp4,6
03345.mp4,6
03346.mp4,6
03347.mp4,6
03348.mp4,6
03349.mp4,6
03350.mp4,6
03351.mp4,6
03352.mp4,6
03353.mp4,6
03354.mp4,6
03355.mp4,6
03356.mp4,6
03357.mp4,6
03358.mp4,6
03359.mp4,6
03360.mp4,6
03361.mp4,6
03362.mp4,6
03363.mp4,6
03364.mp4,6
03365.mp4,6
03366.mp4,6
03367.mp4,6
03368.mp4,6
03369.mp4,6
03370.mp4,6
03371.mp4,6
03372.mp4,6
03373.mp4,6
03374.mp4,6
03375.mp4,6
03376.mp4,6
03377.mp4,6
03378.mp4,6
03379.mp4,6
03380.mp4,6
03381.mp4,6
03382.mp4,6
03383.mp4,6
03384.mp4,6
03385.mp4,6
03386.mp4,6
03387.mp4,6
03388.mp4,6
03389.mp4,6
03390.mp4,6
03391.mp4,6
03392.mp4,6
03393.mp4,6
03394.mp4,6
03395.mp4,6
03396.mp4,6
03397.mp4,6
03398.mp4,6
03399.mp4,6
03400.mp4,6
03401.mp4,6
03402.mp4,6
03403.mp4,6
03404.mp4,6
03405.mp4,6
03406.mp4,6
03407.mp4,6
03408.mp4,6
03409.mp4,6
03410.mp4,6
03411.mp4,6
03412.mp4,6
03413.mp4,6
03414.mp4,6
03415.mp4,6
03416.mp4,6
03417.mp4,6
03418.mp4,6
03419.mp4,6
03420.mp4,6
03421.mp4,6
03422.mp4,6
03423.mp4,6
03424.mp4,6
03425.mp4,6
03426.mp4,6
03427.mp4,6
03428.mp4,6
03429.mp4,6
03430.mp4,6
03431.mp4,6
03432.mp4,6
03433.mp4,6
03434.mp4,6
03435.mp4,6
03436.mp4,6
03437.mp4,6
03438.mp4,6
03439.mp4,6
03440.mp4,6
03441.mp4,6
03442.mp4,6
03443.mp4,6
03444.mp4,6
03445.mp4,6
03446.mp4,6
03447.mp4,6
03448.mp4,6
03449.mp4,6
03450.mp4,6
03451.mp4,6
03452.mp4,6
03453.mp4,6
03454.mp4,6
03455.mp4,6
03456.mp4,6
03457.mp4,6
03458.mp4,6
03459.mp4,6
03460.mp4,6
03461.mp4,6
03462.mp4,6
03463.mp4,6
03464.mp4,6
03465.mp4,6
03466.mp4,6
03467.mp4,6
03468.mp4,6
03469.mp4,6
03470.mp4,6
03471.mp4,6
03472.mp4,6
03473.mp4,6
03474.mp4,6
03475.mp4,6
03476.mp4,6
03477.mp4,6
03478.mp4,6
03479.mp4,6
03480.mp4,6
03481.mp4,6
03482.mp4,6
03483.mp4,6
03484.mp4,6
03485.mp4,6
03486.mp4,6
03487.mp4,6
03488.mp4,6
03489.mp4,6
03490.mp4,6
03491.mp4,6
03492.mp4,6
03493.mp4,6
03494.mp4,6
03495.mp4,6
03496.mp4,6
03497.mp4,6
03498.mp4,6
03499.mp4,6
03500.mp4,7
03501.mp4,7
03502.mp4,7
03503.mp4,7
03504.mp4,7
03505.mp4,7
03506.mp4,7
03507.mp4,7
03508.mp4,7
03509.mp4,7
03510.mp4,7
03511.mp4,7
03512.mp4,7
03513.mp4,7
03514.mp4,7
03515.mp4,7
03516.mp4,7
03517.mp4,7
03518.mp4,7
03519.mp4,7
03520.mp4,7
03521.mp4,7
03522.mp4,7
03523.mp4,7
03524.mp4,7
03525.mp4,7
03526.mp4,7
03527.mp4,7
03528.mp4,7
03529.mp4,7
03530.mp4,7
03531.mp4,7
03532.mp4,7
03533.mp4,7
03534.mp4,7
03535.mp4,7
03536.mp4,7
03537.mp4,7
03538.mp4,7
03539.mp4,7
03540.mp4,7
03541.mp4,7
03542.mp4,7
03543.mp4,7
03544.mp4,7
03545.mp4,7
03546.mp4,7
03547.mp4,7
03548.mp4,7
03549.mp4,7
03550.mp4,7
03551.mp4,7
03552.mp4,7
03553.mp4,7
03554.mp4,7
03555.mp4,7
03556.mp4,7
03557.mp4,7
03558.mp4,7
03559.mp4,7
03560.mp4,7
03561.mp4,7
03562.mp4,7
03563.mp4,7
03564.mp4,7
03565.mp4,7
03566.mp4,7
03567.mp4,7
03568.mp4,7
03569.mp4,7
03570.mp4,7
03571.mp4,7
03572.mp4,7
03573.mp4,7
03574.mp4,7
03575.mp4,7
03576.mp4,7
03577.mp4,7
03578.mp4,7
03579.mp4,7
03580.mp4,7
03581.mp4,7
03582.mp4,7
03583.mp4,7
03584.mp4,7
03585.mp4,7
03586.mp4,7
03587.mp4,7
03588.mp4,7
03589.mp4,7
03590.mp4,7
03591.mp4,7
03592.mp4,7
03593.mp4,7
03594.mp4,7
03595.mp4,7
03596.mp4,7
03597.mp4,7
03598.mp4,7
03599.mp4,7
03600.mp4,7
03601.mp4,7
03602.mp4,7
03603.mp4,7
03604.mp4,7
03605.mp4,7
03606.mp4,7
03607.mp4,7
03608.mp4,7
03609.mp4,7
03610.mp4,7
03611.mp4,7
03612.mp4,7
03613.mp4,7
03614.mp4,7
03615.mp4,7
03616.mp4,7
03617.mp4,7
03618.mp4,7
03619.mp4,7
03620.mp4,7
03621.mp4,7
03622.mp4,7
03623.mp4,7
03624.mp4,7
03625.mp4,7
03626.mp4,7
03627.mp4,7
03628.mp4,7
03629.mp4,7
03630.mp4,7
03631.mp4,7
03632.mp4,7
03633.mp4,7
03634.mp4,7
03635.mp4,7
03636.mp4,7
03637.mp4,7
03638.mp4,7
03639.mp4,7
03640.mp4,7
03641.mp4,7
03642.mp4,7
03643.mp4,7
03644.mp4,7
03645.mp4,7
03646.mp4,7
03647.mp4,7
03648.mp4,7
03649.mp4,7
03650.mp4,7
03651.mp4,7
03652.mp4,7
03653.mp4,7
03654.mp4,7
03655.mp4,7
03656.mp4,7
03657.mp4,7
03658.mp4,7
03659.mp4,7
03660.mp4,7
03661.mp4,7
03662.mp4,7
03663.mp4,7
03664.mp4,7
03665.mp4,7
03666.mp4,7
03667.mp4,7
03668.mp4,7
03669.mp4,7
03670.mp4,7
03671.mp4,7
03672.mp4,7
03673.mp4,7
03674.mp4,7
03675.mp4,7
03676.mp4,7
03677.mp4,7
03678.mp4,7
03679.mp4,7
03680.mp4,7
03681.mp4,7
03682.mp4,7
03683.mp4,7
03684.mp4,7
03685.mp4,7
03686.mp4,7
03687.mp4,7
03688.mp4,7
03689.mp4,7
03690.mp4,7
03691.mp4,7
03692.mp4,7
03693.mp4,7
03694.mp4,7
03695.mp4,7
03696.mp4,7
03697.mp4,7
03698.mp4,7
03699.mp4,7
03700.mp4,7
03701.mp4,7
03702.mp4,7
03703.mp4,7
03704.mp4,7
03705.mp4,7
03706.mp4,7
03707.mp4,7
03708.mp4,7
03709.mp4,7
03710.mp4,7
03711.mp4,7
03712.mp4,7
03713.mp4,7
03714.mp4,7
03715.mp4,7
03716.mp4,7
03717.mp4,7
03718.mp4,7
03719.mp4,7
03720.mp4,7
03721.mp4,7
03722.mp4,7
03723.mp4,7
03724.mp4,7
03725.mp4,7
03726.mp4,7
03727.mp4,7
03728.mp4,7
03729.mp4,7
03730.mp4,7
03731.mp4,7
03732.mp4,7
03733.mp4,7
03734.mp4,7
03735.mp4,7
03736.mp4,7
03737.mp4,7
03738.mp4,7
03739.mp4,7
03740.mp4,7
03741.mp4,7
03742.mp4,7
03743.mp4,7
03744.mp4,7
03745.mp4,7
03746.mp4,7
03747.mp4,7
03748.mp4,7
03749.mp4,7
03750.mp4,7
03751.mp4,7
03752.mp4,7
03753.mp4,7
03754.mp4,7
03755.mp4,7
03756.mp4,7
03757.mp4,7
03758.mp4,7
03759.mp4,7
03760.mp4,7
03761.mp4,7
03762.mp4,7
03763.mp4,7
03764.mp4,7
03765.mp4,7
03766.mp4,7
03767.mp4,7
03768.mp4,7
03769.mp4,7
03770.mp4,7
03771.mp4,7
03772.mp4,7
03773.mp4,7
03774.mp4,7
03775.mp4,7
03776.mp4,7
03777.mp4,7
03778.mp4,7
03779.mp4,7
03780.mp4,7
03781.mp4,7
03782.mp4,7
03783.mp4,7
03784.mp4,7
03785.mp4,7
03786.mp4,7
03787.mp4,7
03788.mp4,7
03789.mp4,7
03790.mp4,7
03791.mp4,7
03792.mp4,7
03793.mp4,7
03794.mp4,7
03795.mp4,7
03796.mp4,7
03797.mp4,7
03798.mp4,7
03799.mp4,7
03800.mp4,7
03801.mp4,7
03802.mp4,7
03803.mp4,7
03804.mp4,7
03805.mp4,7
03806.mp4,7
03807.mp4,7
03808.mp4,7
03809.mp4,7
03810.mp4,7
03811.mp4,7
03812.mp4,7
03813.mp4,7
03814.mp4,7
03815.mp4,7
03816.mp4,7
03817.mp4,7
03818.mp4,7
03819.mp4,7
03820.mp4,7
03821.mp4,7
03822.mp4,7
03823.mp4,7
03824.mp4,7
03825.mp4,7
03826.mp4,7
03827.mp4,7
03828.mp4,7
03829.mp4,7
03830.mp4,7
03831.mp4,7
03832.mp4,7
03833.mp4,7
03834.mp4,7
03835.mp4,7
03836.mp4,7
03837.mp4,7
03838.mp4,7
03839.mp4,7
03840.mp4,7
03841.mp4,7
03842.mp4,7
03843.mp4,7
03844.mp4,7
03845.mp4,7
03846.mp4,7
03847.mp4,7
03848.mp4,7
03849.mp4,7
03850.mp4,7
03851.mp4,7
03852.mp4,7
03853.mp4,7
03854.mp4,7
03855.mp4,7
03856.mp4,7
03857.mp4,7
03858.mp4,7
03859.mp4,7
03860.mp4,7
03861.mp4,7
03862.mp4,7
03863.mp4,7
03864.mp4,7
03865.mp4,7
03866.mp4,7
03867.mp4,7
03868.mp4,7
03869.mp4,7
03870.mp4,7
03871.mp4,7
03872.mp4,7
03873.mp4,7
03874.mp4,7
03875.mp4,7
03876.mp4,7
03877.mp4,7
03878.mp4,7
03879.mp4,7
03880.mp4,7
03881.mp4,7
03882.mp4,7
03883.mp4,7
03884.mp4,7
03885.mp4,7
03886.mp4,7
03887.mp4,7
03888.mp4,7
03889.mp4,7
03890.mp4,7
03891.mp4,7
03892.mp4,7
03893.mp4,7
03894.mp4,7
03895.mp4,7
03896.mp4,7
03897.mp4,7
03898.mp4,7
03899.mp4,7
03900.mp4,7
03901.mp4,7
03902.mp4,7
03903.mp4,7
03904.mp4,7
03905.mp4,7
03906.mp4,7
03907.mp4,7
03908.mp4,7
03909.mp4,7
03910.mp4,7
03911.mp4,7
03912.mp4,7
03913.mp4,7
03914.mp4,7
03915.mp4,7
03916.mp4,7
03917.mp4,7
03918.mp4,7
03919.mp4,7
03920.mp4,7
03921.mp4,7
03922.mp4,7
03923.mp4,7
03924.mp4,7
03925.mp4,7
03926.mp4,7
03927.mp4,7
03928.mp4,7
03929.mp4,7
03930.mp4,7
03931.mp4,7
03932.mp4,7
03933.mp4,7
03934.mp4,7
03935.mp4,7
03936.mp4,7
03937.mp4,7
03938.mp4,7
03939.mp4,7
03940.mp4,7
03941.mp4,7
03942.mp4,7
03943.mp4,7
03944.mp4,7
03945.mp4,7
03946.mp4,7
03947.mp4,7
03948.mp4,7
03949.mp4,7
03950.mp4,7
03951.mp4,7
03952.mp4,7
03953.mp4,7
03954.mp4,7
03955.mp4,7
03956.mp4,7
03957.mp4,7
03958.mp4,7
03959.mp4,7
03960.mp4,7
03961.mp4,7
03962.mp4,7
03963.mp4,7
03964.mp4,7
03965.mp4,7
03966.mp4,7
03967.mp4,7
03968.mp4,7
03969.mp4,7
03970.mp4,7
03971.mp4,7
03972.mp4,7
03973.mp4,7
03974.mp4,7
03975.mp4,7
03976.mp4,7
03977.mp4,7
03978.mp4,7
03979.mp4,7
03980.mp4,7
03981.mp4,7
03982.mp4,7
03983.mp4,7
03984.mp4,7
03985.mp4,7
03986.mp4,7
03987.mp4,7
03988.mp4,7
03989.mp4,7
03990.mp4,7
03991.mp4,7
03992.mp4,7
03993.mp4,7
03994.mp4,7
03995.mp4,7
03996.mp4,7
03997.mp4,7
03998.mp4,7
03999.mp4,7
04000.mp4,8
04001.mp4,8
04002.mp4,8
04003.mp4,8
04004.mp4,8
04005.mp4,8
04006.mp4,8
04007.mp4,8
04008.mp4,8
04009.mp4,8
04010.mp4,8
04011.mp4,8
04012.mp4,8
04013.mp4,8
04014.mp4,8
04015.mp4,8
04016.mp4,8
04017.mp4,8
04018.mp4,8
04019.mp4,8
04020.mp4,8
04021.mp4,8
04022.mp4,8
04023.mp4,8
04024.mp4,8
04025.mp4,8
04026.mp4,8
04027.mp4,8
04028.mp4,8
04029.mp4,8
04030.mp4,8
04031.mp4,8
04032.mp4,8
04033.mp4,8
04034.mp4,8
04035.mp4,8
04036.mp4,8
04037.mp4,8
04038.mp4,8
04039.mp4,8
04040.mp4,8
04041.mp4,8
04042.mp4,8
04043.mp4,8
04044.mp4,8
04045.mp4,8
04046.mp4,8
04047.mp4,8
04048.mp4,8
04049.mp4,8
04050.mp4,8
04051.mp4,8
04052.mp4,8
04053.mp4,8
04054.mp4,8
04055.mp4,8
04056.mp4,8
04057.mp4,8
04058.mp4,8
04059.mp4,8
04060.mp4,8
04061.mp4,8
04062.mp4,8
04063.mp4,8
04064.mp4,8
04065.mp4,8
04066.mp4,8
04067.mp4,8
04068.mp4,8
04069.mp4,8
04070.mp4,8
04071.mp4,8
04072.mp4,8
04073.mp4,8
04074.mp4,8
04075.mp4,8
04076.mp4,8
04077.mp4,8
04078.mp4,8
04079.mp4,8
04080.mp4,8
04081.mp4,8
04082.mp4,8
04083.mp4,8
04084.mp4,8
04085.mp4,8
04086.mp4,8
04087.mp4,8
04088.mp4,8
04089.mp4,8
04090.mp4,8
04091.mp4,8
04092.mp4,8
04093.mp4,8
04094.mp4,8
04095.mp4,8
04096.mp4,8
04097.mp4,8
04098.mp4,8
04099.mp4,8
04100.mp4,8
04101.mp4,8
04102.mp4,8
04103.mp4,8
04104.mp4,8
04105.mp4,8
04106.mp4,8
04107.mp4,8
04108.mp4,8
04109.mp4,8
04110.mp4,8
04111.mp4,8
04112.mp4,8
04113.mp4,8
04114.mp4,8
04115.mp4,8
04116.mp4,8
04117.mp4,8
04118.mp4,8
04119.mp4,8
04120.mp4,8
04121.mp4,8
04122.mp4,8
04123.mp4,8
04124.mp4,8
04125.mp4,8
04126.mp4,8
04127.mp4,8
04128.mp4,8
04129.mp4,8
04130.mp4,8
04131.mp4,8
04132.mp4,8
04133.mp4,8
04134.mp4,8
04135.mp4,8
04136.mp4,8
04137.mp4,8
04138.mp4,8
04139.mp4,8
04140.mp4,8
04141.mp4,8
04142.mp4,8
04143.mp4,8
04144.mp4,8
04145.mp4,8
04146.mp4,8
04147.mp4,8
04148.mp4,8
04149.mp4,8
04150.mp4,8
04151.mp4,8
04152.mp4,8
04153.mp4,8
04154.mp4,8
04155.mp4,8
04156.mp4,8
04157.mp4,8
04158.mp4,8
04159.mp4,8
04160.mp4,8
04161.mp4,8
04162.mp4,8
04163.mp4,8
04164.mp4,8
04165.mp4,8
04166.mp4,8
04167.mp4,8
04168.mp4,8
04169.mp4,8
04170.mp4,8
04171.mp4,8
04172.mp4,8
04173.mp4,8
04174.mp4,8
04175.mp4,8
04176.mp4,8
04177.mp4,8
04178.mp4,8
04179.mp4,8
04180.mp4,8
04181.mp4,8
04182.mp4,8
04183.mp4,8
04184.mp4,8
04185.mp4,8
04186.mp4,8
04187.mp4,8
04188.mp4,8
04189.mp4,8
04190.mp4,8
04191.mp4,8
04192.mp4,8
04193.mp4,8
04194.mp4,8
04195.mp4,8
04196.mp4,8
04197.mp4,8
04198.mp4,8
04199.mp4,8
04200.mp4,8
04201.mp4,8
04202.mp4,8
04203.mp4,8
04204.mp4,8
04205.mp4,8
04206.mp4,8
04207.mp4,8
04208.mp4,8
04209.mp4,8
04210.mp4,8
04211.mp4,8
04212.mp4,8
04213.mp4,8
04214.mp4,8
04215.mp4,8
04216.mp4,8
04217.mp4,8
04218.mp4,8
04219.mp4,8
04220.mp4,8
04221.mp4,8
04222.mp4,8
04223.mp4,8
04224.mp4,8
04225.mp4,8
04226.mp4,8
04227.mp4,8
04228.mp4,8
04229.mp4,8
04230.mp4,8
04231.mp4,8
04232.mp4,8
04233.mp4,8
04234.mp4,8
04235.mp4,8
04236.mp4,8
04237.mp4,8
04238.mp4,8
04239.mp4,8
04240.mp4,8
04241.mp4,8
04242.mp4,8
04243.mp4,8
04244.mp4,8
04245.mp4,8
04246.mp4,8
04247.mp4,8
04248.mp4,8
04249.mp4,8
04250.mp4,8
04251.mp4,8
04252.mp4,8
04253.mp4,8
04254.mp4,8
04255.mp4,8
04256.mp4,8
04257.mp4,8
04258.mp4,8
04259.mp4,8
04260.mp4,8
04261.mp4,8
04262.mp4,8
04263.mp4,8
04264.mp4,8
04265.mp4,8
04266.mp4,8
04267.mp4,8
04268.mp4,8
04269.mp4,8
04270.mp4,8
04271.mp4,8
04272.mp4,8
04273.mp4,8
04274.mp4,8
04275.mp4,8
04276.mp4,8
04277.mp4,8
04278.mp4,8
04279.mp4,8
04280.mp4,8
04281.mp4,8
04282.mp4,8
04283.mp4,8
04284.mp4,8
04285.mp4,8
04286.mp4,8
04287.mp4,8
04288.mp4,8
04289.mp4,8
04290.mp4,8
04291.mp4,8
04292.mp4,8
04293.mp4,8
04294.mp4,8
04295.mp4,8
04296.mp4,8
04297.mp4,8
04298.mp4,8
04299.mp4,8
04300.mp4,8
04301.mp4,8
04302.mp4,8
04303.mp4,8
04304.mp4,8
04305.mp4,8
04306.mp4,8
04307.mp4,8
04308.mp4,8
04309.mp4,8
04310.mp4,8
04311.mp4,8
04312.mp4,8
04313.mp4,8
04314.mp4,8
04315.mp4,8
04316.mp4,8
04317.mp4,8
04318.mp4,8
04319.mp4,8
04320.mp4,8
04321.mp4,8
04322.mp4,8
04323.mp4,8
04324.mp4,8
04325.mp4,8
04326.mp4,8
04327.mp4,8
04328.mp4,8
04329.mp4,8
04330.mp4,8
04331.mp4,8
04332.mp4,8
04333.mp4,8
04334.mp4,8
04335.mp4,8
04336.mp4,8
04337.mp4,8
04338.mp4,8
04339.mp4,8
04340.mp4,8
04341.mp4,8
04342.mp4,8
04343.mp4,8
04344.mp4,8
04345.mp4,8
04346.mp4,8
04347.mp4,8
04348.mp4,8
04349.mp4,8
04350.mp4,8
04351.mp4,8
04352.mp4,8
04353.mp4,8
04354.mp4,8
04355.mp4,8
04356.mp4,8
04357.mp4,8
04358.mp4,8
04359.mp4,8
04360.mp4,8
04361.mp4,8
04362.mp4,8
04363.mp4,8
04364.mp4,8
04365.mp4,8
04366.mp4,8
04367.mp4,8
04368.mp4,8
04369.mp4,8
04370.mp4,8
04371.mp4,8
04372.mp4,8
04373.mp4,8
04374.mp4,8
04375.mp4,8
04376.mp4,8
04377.mp4,8
04378.mp4,8
04379.mp4,8
04380.mp4,8
04381.mp4,8
04382.mp4,8
04383.mp4,8
04384.mp4,8
04385.mp4,8
04386.mp4,8
04387.mp4,8
04388.mp4,8
04389.mp4,8
04390.mp4,8
04391.mp4,8
04392.mp4,8
04393.mp4,8
04394.mp4,8
04395.mp4,8
04396.mp4,8
04397.mp4,8
04398.mp4,8
04399.mp4,8
04400.mp4,8
04401.mp4,8
04402.mp4,8
04403.mp4,8
04404.mp4,8
04405.mp4,8
04406.mp4,8
04407.mp4,8
04408.mp4,8
04409.mp4,8
04410.mp4,8
04411.mp4,8
04412.mp4,8
04413.mp4,8
04414.mp4,8
04415.mp4,8
04416.mp4,8
04417.mp4,8
04418.mp4,8
04419.mp4,8
04420.mp4,8
04421.mp4,8
04422.mp4,8
04423.mp4,8
04424.mp4,8
04425.mp4,8
04426.mp4,8
04427.mp4,8
04428.mp4,8
04429.mp4,8
04430.mp4,8
04431.mp4,8
04432.mp4,8
04433.mp4,8
04434.mp4,8
04435.mp4,8
04436.mp4,8
04437.mp4,8
04438.mp4,8
04439.mp4,8
04440.mp4,8
04441.mp4,8
04442.mp4,8
04443.mp4,8
04444.mp4,8
04445.mp4,8
04446.mp4,8
04447.mp4,8
04448.mp4,8
04449.mp4,8
04450.mp4,8
04451.mp4,8
04452.mp4,8
04453.mp4,8
04454.mp4,8
04455.mp4,8
04456.mp4,8
04457.mp4,8
04458.mp4,8
04459.mp4,8
04460.mp4,8
04461.mp4,8
04462.mp4,8
04463.mp4,8
04464.mp4,8
04465.mp4,8
04466.mp4,8
04467.mp4,8
04468.mp4,8
04469.mp4,8
04470.mp4,8
04471.mp4,8
04472.mp4,8
04473.mp4,8
04474.mp4,8
04475.mp4,8
04476.mp4,8
04477.mp4,8
04478.mp4,8
04479.mp4,8
04480.mp4,8
04481.mp4,8
04482.mp4,8
04483.mp4,8
04484.mp4,8
04485.mp4,8
04486.mp4,8
04487.mp4,8
04488.mp4,8
04489.mp4,8
04490.mp4,8
04491.mp4,8
04492.mp4,8
04493.mp4,8
04494.mp4,8
04495.mp4,8
04496.mp4,8
04497.mp4,8
04498.mp4,8
04499.mp4,8
04500.mp4,9
04501.mp4,9
04502.mp4,9
04503.mp4,9
04504.mp4,9
04505.mp4,9
04506.mp4,9
04507.mp4,9
04508.mp4,9
04509.mp4,9
04510.mp4,9
04511.mp4,9
04512.mp4,9
04513.mp4,9
04514.mp4,9
04515.mp4,9
04516.mp4,9
04517.mp4,9
04518.mp4,9
04519.mp4,9
04520.mp4,9
04521.mp4,9
04522.mp4,9
04523.mp4,9
04524.mp4,9
04525.mp4,9
04526.mp4,9
04527.mp4,9
04528.mp4,9
04529.mp4,9
04530.mp4,9
04531.mp4,9
04532.mp4,9
04533.mp4,9
04534.mp4,9
04535.mp4,9
04536.mp4,9
04537.mp4,9
04538.mp4,9
04539.mp4,9
04540.mp4,9
04541.mp4,9
04542.mp4,9
04543.mp4,9
04544.mp4,9
04545.mp4,9
04546.mp4,9
04547.mp4,9
04548.mp4,9
04549.mp4,9
04550.mp4,9
04551.mp4,9
04552.mp4,9
04553.mp4,9
04554.mp4,9
04555.mp4,9
04556.mp4,9
04557.mp4,9
04558.mp4,9
04559.mp4,9
04560.mp4,9
04561.mp4,9
04562.mp4,9
04563.mp4,9
04564.mp4,9
04565.mp4,9
04566.mp4,9
04567.mp4,9
04568.mp4,9
04569.mp4,9
04570.mp4,9
04571.mp4,9
04572.mp4,9
04573.mp4,9
04574.mp4,9
04575.mp4,9
04576.mp4,9
04577.mp4,9
04578.mp4,9
04579.mp4,9
04580.mp4,9
04581.mp4,9
04582.mp4,9
04583.mp4,9
04584.mp4,9
04585.mp4,9
04586.mp4,9
04587.mp4,9
04588.mp4,9
04589.mp4,9
04590.mp4,9
04591.mp4,9
04592.mp4,9
04593.mp4,9
04594.mp4,9
04595.mp4,9
04596.mp4,9
04597.mp4,9
04598.mp4,9
04599.mp4,9
04600.mp4,9
04601.mp4,9
04602.mp4,9
04603.mp4,9
04604.mp4,9
04605.mp4,9
04606.mp4,9
04607.mp4,9
04608.mp4,9
04609.mp4,9
04610.mp4,9
04611.mp4,9
04612.mp4,9
04613.mp4,9
04614.mp4,9
04615.mp4,9
04616.mp4,9
04617.mp4,9
04618.mp4,9
04619.mp4,9
04620.mp4,9
04621.mp4,9
04622.mp4,9
04623.mp4,9
04624.mp4,9
04625.mp4,9
04626.mp4,9
04627.mp4,9
04628.mp4,9
04629.mp4,9
04630.mp4,9
04631.mp4,9
04632.mp4,9
04633.mp4,9
04634.mp4,9
04635.mp4,9
04636.mp4,9
04637.mp4,9
04638.mp4,9
04639.mp4,9
04640.mp4,9
04641.mp4,9
04642.mp4,9
04643.mp4,9
04644.mp4,9
04645.mp4,9
04646.mp4,9
04647.mp4,9
04648.mp4,9
04649.mp4,9
04650.mp4,9
04651.mp4,9
04652.mp4,9
04653.mp4,9
04654.mp4,9
04655.mp4,9
04656.mp4,9
04657.mp4,9
04658.mp4,9
04659.mp4,9
04660.mp4,9
04661.mp4,9
04662.mp4,9
04663.mp4,9
04664.mp4,9
04665.mp4,9
04666.mp4,9
04667.mp4,9
04668.mp4,9
04669.mp4,9
04670.mp4,9
04671.mp4,9
04672.mp4,9
04673.mp4,9
04674.mp4,9
04675.mp4,9
04676.mp4,9
04677.mp4,9
04678.mp4,9
04679.mp4,9
04680.mp4,9
04681.mp4,9
04682.mp4,9
04683.mp4,9
04684.mp4,9
04685.mp4,9
04686.mp4,9
04687.mp4,9
04688.mp4,9
04689.mp4,9
04690.mp4,9
04691.mp4,9
04692.mp4,9
04693.mp4,9
04694.mp4,9
04695.mp4,9
04696.mp4,9
04697.mp4,9
04698.mp4,9
04699.mp4,9
04700.mp4,9
04701.mp4,9
04702.mp4,9
04703.mp4,9
04704.mp4,9
04705.mp4,9
04706.mp4,9
04707.mp4,9
04708.mp4,9
04709.mp4,9
04710.mp4,9
04711.mp4,9
04712.mp4,9
04713.mp4,9
04714.mp4,9
04715.mp4,9
04716.mp4,9
04717.mp4,9
04718.mp4,9
04719.mp4,9
04720.mp4,9
04721.mp4,9
04722.mp4,9
04723.mp4,9
04724.mp4,9
04725.mp4,9
04726.mp4,9
04727.mp4,9
04728.mp4,9
04729.mp4,9
04730.mp4,9
04731.mp4,9
04732.mp4,9
04733.mp4,9
04734.mp4,9
04735.mp4,9
04736.mp4,9
04737.mp4,9
04738.mp4,9
04739.mp4,9
04740.mp4,9
04741.mp4,9
04742.mp4,9
04743.mp4,9
04744.mp4,9
04745.mp4,9
04746.mp4,9
04747.mp4,9
04748.mp4,9
04749.mp4,9
04750.mp4,9
04751.mp4,9
04752.mp4,9
04753.mp4,9
04754.mp4,9
04755.mp4,9
04756.mp4,9
04757.mp4,9
04758.mp4,9
04759.mp4,9
04760.mp4,9
04761.mp4,9
04762.mp4,9
04763.mp4,9
04764.mp4,9
04765.mp4,9
04766.mp4,9
04767.mp4,9
04768.mp4,9
04769.mp4,9
04770.mp4,9
04771.mp4,9
04772.mp4,9
04773.mp4,9
04774.mp4,9
04775.mp4,9
04776.mp4,9
04777.mp4,9
04778.mp4,9
04779.mp4,9
04780.mp4,9
04781.mp4,9
04782.mp4,9
04783.mp4,9
04784.mp4,9
04785.mp4,9
04786.mp4,9
04787.mp4,9
04788.mp4,9
04789.mp4,9
04790.mp4,9
04791.mp4,9
04792.mp4,9
04793.mp4,9
04794.mp4,9
04795.mp4,9
04796.mp4,9
04797.mp4,9
04798.mp4,9
04799.mp4,9
04800.mp4,9
04801.mp4,9
04802.mp4,9
04803.mp4,9
04804.mp4,9
04805.mp4,9
04806.mp4,9
04807.mp4,9
04808.mp4,9
04809.mp4,9
04810.mp4,9
04811.mp4,9
04812.mp4,9
04813.mp4,9
04814.mp4,9
04815.mp4,9
04816.mp4,9
04817.mp4,9
04818.mp4,9
04819.mp4,9
04820.mp4,9
04821.mp4,9
04822.mp4,9
04823.mp4,9
04824.mp4,9
04825.mp4,9
04826.mp4,9
04827.mp4,9
04828.mp4,9
04829.mp4,9
04830.mp4,9
04831.mp4,9
04832.mp4,9
04833.mp4,9
04834.mp4,9
04835.mp4,9
04836.mp4,9
04837.mp4,9
04838.mp4,9
04839.mp4,9
04840.mp4,9
04841.mp4,9
04842.mp4,9
04843.mp4,9
04844.mp4,9
04845.mp4,9
04846.mp4,9
04847.mp4,9
04848.mp4,9
04849.mp4,9
04850.mp4,9
04851.mp4,9
04852.mp4,9
04853.mp4,9
04854.mp4,9
04855.mp4,9
04856.mp4,9
04857.mp4,9
04858.mp4,9
04859.mp4,9
04860.mp4,9
04861.mp4,9
04862.mp4,9
04863.mp4,9
04864.mp4,9
04865.mp4,9
04866.mp4,9
04867.mp4,9
04868.mp4,9
04869.mp4,9
04870.mp4,9
04871.mp4,9
04872.mp4,9
04873.mp4,9
04874.mp4,9
04875.mp4,9
04876.mp4,9
04877.mp4,9
04878.mp4,9
04879.mp4,9
04880.mp4,9
04881.mp4,9
04882.mp4,9
04883.mp4,9
04884.mp4,9
04885.mp4,9
04886.mp4,9
04887.mp4,9
04888.mp4,9
04889.mp4,9
04890.mp4,9
04891.mp4,9
04892.mp4,9
04893.mp4,9
04894.mp4,9
04895.mp4,9
04896.mp4,9
04897.mp4,9
04898.mp4,9
04899.mp4,9
04900.mp4,9
04901.mp4,9
04902.mp4,9
04903.mp4,9
04904.mp4,9
04905.mp4,9
04906.mp4,9
04907.mp4,9
04908.mp4,9
04909.mp4,9
04910.mp4,9
04911.mp4,9
04912.mp4,9
04913.mp4,9
04914.mp4,9
04915.mp4,9
04916.mp4,9
04917.mp4,9
04918.mp4,9
04919.mp4,9
04920.mp4,9
04921.mp4,9
04922.mp4,9
04923.mp4,9
04924.mp4,9
04925.mp4,9
04926.mp4,9
04927.mp4,9
04928.mp4,9
04929.mp4,9
04930.mp4,9
04931.mp4,9
04932.mp4,9
04933.mp4,9
04934.mp4,9
04935.mp4,9
04936.mp4,9
04937.mp4,9
04938.mp4,9
04939.mp4,9
04940.mp4,9
04941.mp4,9
04942.mp4,9
04943.mp4,9
04944.mp4,9
04945.mp4,9
04946.mp4,9
04947.mp4,9
04948.mp4,9
04949.mp4,9
04950.mp4,9
04951.mp4,9
04952.mp4,9
04953.mp4,9
04954.mp4,9
04955.mp4,9
04956.mp4,9
04957.mp4,9
04958.mp4,9
04959.mp4,9
04960.mp4,9
04961.mp4,9
04962.mp4,9
04963.mp4,9
04964.mp4,9
04965.mp4,9
04966.mp4,9
04967.mp4,9
04968.mp4,9
04969.mp4,9
04970.mp4,9
04971.mp4,9
04972.mp4,9
04973.mp4,9
04974.mp4,9
04975.mp4,9
04976.mp4,9
04977.mp4,9
04978.mp4,9
04979.mp4,9
04980.mp4,9
04981.mp4,9
04982.mp4,9
04983.mp4,9
04984.mp4,9
04985.mp4,9
04986.mp4,9
04987.mp4,9
04988.mp4,9
04989.mp4,9
04990.mp4,9
04991.mp4,9
04992.mp4,9
04993.mp4,9
04994.mp4,9
04995.mp4,9
04996.mp4,9
04997.mp4,9
04998.mp4,9
04999.mp4,9
